http://dbkwik.webdatacommons.org/ontology/wikiPageWikiLink	http://dbkwik.webdatacommons.org/ontology/wikiPageWikiLink	0.28227451247693464
http://dbkwik.webdatacommons.org/ontology/wikiPageWikiLink	http://dbkwik.webdatacommons.org/ontology/wikiPageWikiLink-	0.12868671258702807
http://dbkwik.webdatacommons.org/ontology/wikiPageWikiLink-	http://dbkwik.webdatacommons.org/ontology/wikiPageWikiLink	0.1286867125870273
http://dbkwik.webdatacommons.org/ontology/wikiPageWikiLink-	http://dbkwik.webdatacommons.org/ontology/wikiPageWikiLink-	0.2822745124769337
skos:altLabel-	http://dbkwik.webdatacommons.org/ontology/wikiPageWikiLinkText-	0.8103003541351909
skos:altLabel-	http://dbkwik.webdatacommons.org/swtor.wikia.com/property/name-	0.3695806750282262
skos:altLabel-	rdfs:label-	0.7163225002140815
skos:altLabel-	skos:altLabel-	0.7695332110885856
http://dbkwik.webdatacommons.org/starwars.wikia.com/property/orbits	http://dbkwik.webdatacommons.org/ontology/wikiPageWikiLink	0.3025684032092465
http://dbkwik.webdatacommons.org/starwars.wikia.com/property/orbits	http://dbkwik.webdatacommons.org/ontology/wikiPageWikiLink-	0.21449563095320207
http://dbkwik.webdatacommons.org/starwars.wikia.com/property/orbits-	http://dbkwik.webdatacommons.org/ontology/wikiPageWikiLink	0.1940072424265374
http://dbkwik.webdatacommons.org/starwars.wikia.com/property/orbits-	http://dbkwik.webdatacommons.org/ontology/wikiPageWikiLink-	0.2736673996163292
http://dbkwik.webdatacommons.org/starwars.wikia.com/property/technology	http://dbkwik.webdatacommons.org/ontology/wikiPageWikiLink	0.20010986663798666
http://dbkwik.webdatacommons.org/starwars.wikia.com/property/technology	http://dbkwik.webdatacommons.org/swtor.wikia.com/property/technology	0.17273634269036703
http://dbkwik.webdatacommons.org/starwars.wikia.com/property/technology-	http://dbkwik.webdatacommons.org/ontology/wikiPageWikiLink-	0.1958376029306789
http://dbkwik.webdatacommons.org/starwars.wikia.com/property/technology-	http://dbkwik.webdatacommons.org/swtor.wikia.com/property/technology-	0.1690484925098251
http://dbkwik.webdatacommons.org/ontology/abstract-	rdfs:comment-	0.36592403127017675
http://dbkwik.webdatacommons.org/ontology/abstract-	http://dbkwik.webdatacommons.org/ontology/abstract-	0.36592403127017675
foaf:depiction	http://dbkwik.webdatacommons.org/ontology/wikiPageWikiLink	0.4357066239882165
foaf:depiction	http://dbkwik.webdatacommons.org/ontology/wikiPageWikiLink-	0.2706700666807709
foaf:depiction	http://dbkwik.webdatacommons.org/swtor.wikia.com/property/end-	0.1357132852718993
foaf:depiction	http://dbkwik.webdatacommons.org/swtor.wikia.com/property/start-	0.14397797662018733
foaf:depiction-	http://dbkwik.webdatacommons.org/ontology/wikiPageWikiLink	0.2706700666807709
foaf:depiction-	http://dbkwik.webdatacommons.org/ontology/wikiPageWikiLink-	0.4357066239882165
foaf:depiction-	http://dbkwik.webdatacommons.org/swtor.wikia.com/property/end	0.13571328527189927
foaf:depiction-	http://dbkwik.webdatacommons.org/swtor.wikia.com/property/start	0.14397797662018733
rdfs:label-	http://dbkwik.webdatacommons.org/ontology/wikiPageWikiLinkText-	0.8121249290396113
rdfs:label-	http://dbkwik.webdatacommons.org/swtor.wikia.com/property/name-	0.3944142125267966
rdfs:label-	rdfs:label-	0.7860684025559226
rdfs:label-	skos:altLabel-	0.779748945916345
http://dbkwik.webdatacommons.org/starwars.wikia.com/property/era	http://dbkwik.webdatacommons.org/ontology/wikiPageWikiLink	0.3558656824308565
http://dbkwik.webdatacommons.org/starwars.wikia.com/property/era	http://dbkwik.webdatacommons.org/swtor.wikia.com/property/allegiance	0.17056805199284497
http://dbkwik.webdatacommons.org/starwars.wikia.com/property/era-	http://dbkwik.webdatacommons.org/ontology/wikiPageWikiLink-	0.3558656824308572
http://dbkwik.webdatacommons.org/starwars.wikia.com/property/era-	http://dbkwik.webdatacommons.org/swtor.wikia.com/property/allegiance-	0.170568051992845
rdfs:comment-	rdfs:comment-	0.36592403127017675
rdfs:comment-	http://dbkwik.webdatacommons.org/ontology/abstract-	0.36592403127017675
dc:subject	http://dbkwik.webdatacommons.org/ontology/wikiPageWikiLink	0.6566015794998213
dc:subject	dc:subject	0.5598422270099793
dc:subject-	http://dbkwik.webdatacommons.org/ontology/wikiPageWikiLink-	0.6566015794998202
dc:subject-	dc:subject-	0.5598422270099785
http://dbkwik.webdatacommons.org/starwars.wikia.com/property/type	http://dbkwik.webdatacommons.org/ontology/wikiPageWikiLink	0.5897551625909176
http://dbkwik.webdatacommons.org/starwars.wikia.com/property/type	http://dbkwik.webdatacommons.org/swtor.wikia.com/property/faction	0.31194585375690775
http://dbkwik.webdatacommons.org/starwars.wikia.com/property/type	http://dbkwik.webdatacommons.org/swtor.wikia.com/property/allegiance	0.22341332302832032
http://dbkwik.webdatacommons.org/starwars.wikia.com/property/type-	http://dbkwik.webdatacommons.org/ontology/wikiPageWikiLink-	0.31215784124536233
http://dbkwik.webdatacommons.org/starwars.wikia.com/property/type-	http://dbkwik.webdatacommons.org/swtor.wikia.com/property/faction-	0.17380445072025252
http://dbkwik.webdatacommons.org/starwars.wikia.com/property/type-	http://dbkwik.webdatacommons.org/swtor.wikia.com/property/allegiance-	0.11825283616948755
http://dbkwik.webdatacommons.org/starwars.wikia.com/property/passengers-	http://dbkwik.webdatacommons.org/swtor.wikia.com/property/passengers-	0.5453195450866666
http://dbkwik.webdatacommons.org/starwars.wikia.com/property/title	http://dbkwik.webdatacommons.org/ontology/wikiPageWikiLink	0.5443537104916102
http://dbkwik.webdatacommons.org/starwars.wikia.com/property/title	http://dbkwik.webdatacommons.org/ontology/wikiPageWikiLink-	0.34425875641068493
http://dbkwik.webdatacommons.org/starwars.wikia.com/property/title	http://dbkwik.webdatacommons.org/swtor.wikia.com/property/title	0.12734142681570146
http://dbkwik.webdatacommons.org/starwars.wikia.com/property/title-	http://dbkwik.webdatacommons.org/ontology/wikiPageWikiLink	0.28787766356203276
http://dbkwik.webdatacommons.org/starwars.wikia.com/property/title-	http://dbkwik.webdatacommons.org/ontology/wikiPageWikiLink-	0.4552019996862575
http://dbkwik.webdatacommons.org/starwars.wikia.com/property/title-	http://dbkwik.webdatacommons.org/ontology/wikiPageWikiLinkText-	0.10153209904612907
http://dbkwik.webdatacommons.org/starwars.wikia.com/property/title-	http://dbkwik.webdatacommons.org/swtor.wikia.com/property/title-	0.1064860420939519
http://dbkwik.webdatacommons.org/starwars.wikia.com/property/species	http://dbkwik.webdatacommons.org/ontology/wikiPageWikiLink	0.602169900679141
http://dbkwik.webdatacommons.org/starwars.wikia.com/property/species	http://dbkwik.webdatacommons.org/swtor.wikia.com/property/race	0.414567778029805
http://dbkwik.webdatacommons.org/starwars.wikia.com/property/species	http://dbkwik.webdatacommons.org/swtor.wikia.com/property/species	0.10714419733708064
http://dbkwik.webdatacommons.org/starwars.wikia.com/property/species-	http://dbkwik.webdatacommons.org/ontology/wikiPageWikiLink-	0.5995659802811508
http://dbkwik.webdatacommons.org/starwars.wikia.com/property/species-	http://dbkwik.webdatacommons.org/swtor.wikia.com/property/race-	0.4127750921244751
http://dbkwik.webdatacommons.org/starwars.wikia.com/property/species-	http://dbkwik.webdatacommons.org/swtor.wikia.com/property/species-	0.10668088131836619
http://dbkwik.webdatacommons.org/starwars.wikia.com/property/organizations	http://dbkwik.webdatacommons.org/ontology/wikiPageWikiLink	0.22321829752433003
http://dbkwik.webdatacommons.org/starwars.wikia.com/property/organizations	http://dbkwik.webdatacommons.org/ontology/wikiPageWikiLink-	0.23487074988639964
http://dbkwik.webdatacommons.org/starwars.wikia.com/property/organizations	dc:subject-	0.20415064708671915
http://dbkwik.webdatacommons.org/starwars.wikia.com/property/organizations	http://dbkwik.webdatacommons.org/swtor.wikia.com/property/organizations	0.12245146237070814
http://dbkwik.webdatacommons.org/starwars.wikia.com/property/organizations-	http://dbkwik.webdatacommons.org/ontology/wikiPageWikiLink	0.23487074988639972
http://dbkwik.webdatacommons.org/starwars.wikia.com/property/organizations-	http://dbkwik.webdatacommons.org/ontology/wikiPageWikiLink-	0.22321829752433003
http://dbkwik.webdatacommons.org/starwars.wikia.com/property/organizations-	dc:subject	0.2041506470867192
http://dbkwik.webdatacommons.org/starwars.wikia.com/property/organizations-	http://dbkwik.webdatacommons.org/swtor.wikia.com/property/organizations-	0.12245146237070817
http://dbkwik.webdatacommons.org/starwars.wikia.com/property/manufacturer	http://dbkwik.webdatacommons.org/ontology/wikiPageWikiLink	0.44806120843932057
http://dbkwik.webdatacommons.org/starwars.wikia.com/property/manufacturer	http://dbkwik.webdatacommons.org/swtor.wikia.com/property/allegiance	0.1569683203335056
http://dbkwik.webdatacommons.org/starwars.wikia.com/property/manufacturer	http://dbkwik.webdatacommons.org/swtor.wikia.com/property/manufacturer	0.135108865847843
http://dbkwik.webdatacommons.org/starwars.wikia.com/property/manufacturer-	http://dbkwik.webdatacommons.org/ontology/wikiPageWikiLink-	0.41246421659519017
http://dbkwik.webdatacommons.org/starwars.wikia.com/property/manufacturer-	http://dbkwik.webdatacommons.org/swtor.wikia.com/property/allegiance-	0.14449770267356288
http://dbkwik.webdatacommons.org/starwars.wikia.com/property/manufacturer-	http://dbkwik.webdatacommons.org/swtor.wikia.com/property/manufacturer-	0.16284909821231264
http://dbkwik.webdatacommons.org/starwars.wikia.com/property/locations	http://dbkwik.webdatacommons.org/ontology/wikiPageWikiLink	0.18852008277080493
http://dbkwik.webdatacommons.org/starwars.wikia.com/property/locations	http://dbkwik.webdatacommons.org/ontology/wikiPageWikiLink-	0.3595824075736037
http://dbkwik.webdatacommons.org/starwars.wikia.com/property/locations	dc:subject-	0.3061537827142329
http://dbkwik.webdatacommons.org/starwars.wikia.com/property/locations-	http://dbkwik.webdatacommons.org/ontology/wikiPageWikiLink	0.3583189855085688
http://dbkwik.webdatacommons.org/starwars.wikia.com/property/locations-	http://dbkwik.webdatacommons.org/ontology/wikiPageWikiLink-	0.18785770211130043
http://dbkwik.webdatacommons.org/starwars.wikia.com/property/locations-	dc:subject	0.30507808647262546
http://dbkwik.webdatacommons.org/starwars.wikia.com/property/name	http://dbkwik.webdatacommons.org/ontology/wikiPageWikiLink	0.29710754775449727
http://dbkwik.webdatacommons.org/starwars.wikia.com/property/name	http://dbkwik.webdatacommons.org/ontology/wikiPageWikiLink-	0.32842719747294363
http://dbkwik.webdatacommons.org/starwars.wikia.com/property/name	http://dbkwik.webdatacommons.org/swtor.wikia.com/property/name	0.13780982461862398
http://dbkwik.webdatacommons.org/starwars.wikia.com/property/name	http://dbkwik.webdatacommons.org/swtor.wikia.com/property/homeworld	0.129918952886418
http://dbkwik.webdatacommons.org/starwars.wikia.com/property/name-	http://dbkwik.webdatacommons.org/ontology/wikiPageWikiLinkText-	0.8503197748760792
http://dbkwik.webdatacommons.org/starwars.wikia.com/property/name-	http://dbkwik.webdatacommons.org/swtor.wikia.com/property/name-	0.44202133719938325
http://dbkwik.webdatacommons.org/starwars.wikia.com/property/name-	rdfs:label-	0.771172524372549
http://dbkwik.webdatacommons.org/starwars.wikia.com/property/name-	skos:altLabel-	0.792982262516705
http://dbkwik.webdatacommons.org/starwars.wikia.com/property/vehicles	http://dbkwik.webdatacommons.org/ontology/wikiPageWikiLink	0.13883577929033947
http://dbkwik.webdatacommons.org/starwars.wikia.com/property/vehicles	http://dbkwik.webdatacommons.org/ontology/wikiPageWikiLink-	0.3325014874550545
http://dbkwik.webdatacommons.org/starwars.wikia.com/property/vehicles-	http://dbkwik.webdatacommons.org/ontology/wikiPageWikiLink	0.3311079419110061
http://dbkwik.webdatacommons.org/starwars.wikia.com/property/vehicles-	http://dbkwik.webdatacommons.org/ontology/wikiPageWikiLink-	0.138253905257037
http://dbkwik.webdatacommons.org/ontology/wikiPageWikiLinkText-	http://dbkwik.webdatacommons.org/ontology/wikiPageWikiLinkText-	0.6687184199882978
http://dbkwik.webdatacommons.org/ontology/wikiPageWikiLinkText-	http://dbkwik.webdatacommons.org/swtor.wikia.com/property/name-	0.2513584347942337
http://dbkwik.webdatacommons.org/ontology/wikiPageWikiLinkText-	rdfs:label-	0.4874138892766918
http://dbkwik.webdatacommons.org/ontology/wikiPageWikiLinkText-	skos:altLabel-	0.5244906596379764
http://dbkwik.webdatacommons.org/starwars.wikia.com/property/casual	http://dbkwik.webdatacommons.org/ontology/wikiPageWikiLink	0.20207153998824373
http://dbkwik.webdatacommons.org/starwars.wikia.com/property/casual	http://dbkwik.webdatacommons.org/ontology/wikiPageWikiLink-	0.14646073976198032
http://dbkwik.webdatacommons.org/starwars.wikia.com/property/casual	http://dbkwik.webdatacommons.org/swtor.wikia.com/property/location-	0.14646073976198032
http://dbkwik.webdatacommons.org/starwars.wikia.com/property/casual	http://dbkwik.webdatacommons.org/swtor.wikia.com/property/encounters	0.14646073976198032
http://dbkwik.webdatacommons.org/starwars.wikia.com/property/casual-	http://dbkwik.webdatacommons.org/ontology/wikiPageWikiLink-	0.12344170460010187
http://dbkwik.webdatacommons.org/starwars.wikia.com/property/publisher	http://dbkwik.webdatacommons.org/ontology/wikiPageWikiLink	0.13908319718582116
http://dbkwik.webdatacommons.org/starwars.wikia.com/property/publisher-	http://dbkwik.webdatacommons.org/ontology/wikiPageWikiLink-	0.13838119819863043
http://dbkwik.webdatacommons.org/starwars.wikia.com/property/forces	http://dbkwik.webdatacommons.org/ontology/wikiPageWikiLink	0.25180133866149834
http://dbkwik.webdatacommons.org/starwars.wikia.com/property/forces	http://dbkwik.webdatacommons.org/ontology/wikiPageWikiLink-	0.1858985387408599
http://dbkwik.webdatacommons.org/starwars.wikia.com/property/forces-	http://dbkwik.webdatacommons.org/ontology/wikiPageWikiLink	0.13560033047835202
http://dbkwik.webdatacommons.org/starwars.wikia.com/property/forces-	http://dbkwik.webdatacommons.org/ontology/wikiPageWikiLink-	0.18367193722263403
http://dbkwik.webdatacommons.org/starwars.wikia.com/property/affiliation	http://dbkwik.webdatacommons.org/ontology/wikiPageWikiLink	0.5289054847199582
http://dbkwik.webdatacommons.org/starwars.wikia.com/property/affiliation	http://dbkwik.webdatacommons.org/ontology/wikiPageWikiLink-	0.13318496031040147
http://dbkwik.webdatacommons.org/starwars.wikia.com/property/affiliation	http://dbkwik.webdatacommons.org/swtor.wikia.com/property/faction	0.20911011443555774
http://dbkwik.webdatacommons.org/starwars.wikia.com/property/affiliation	http://dbkwik.webdatacommons.org/swtor.wikia.com/property/allegiance	0.22756813362374412
http://dbkwik.webdatacommons.org/starwars.wikia.com/property/affiliation-	http://dbkwik.webdatacommons.org/ontology/wikiPageWikiLink	0.1321715836715215
http://dbkwik.webdatacommons.org/starwars.wikia.com/property/affiliation-	http://dbkwik.webdatacommons.org/ontology/wikiPageWikiLink-	0.5248811529850419
http://dbkwik.webdatacommons.org/starwars.wikia.com/property/affiliation-	http://dbkwik.webdatacommons.org/swtor.wikia.com/property/faction-	0.2075190391037136
http://dbkwik.webdatacommons.org/starwars.wikia.com/property/affiliation-	http://dbkwik.webdatacommons.org/swtor.wikia.com/property/allegiance-	0.22654362474388798
http://dbkwik.webdatacommons.org/starwars.wikia.com/property/death	http://dbkwik.webdatacommons.org/ontology/wikiPageWikiLink	0.5122027685189117
http://dbkwik.webdatacommons.org/starwars.wikia.com/property/death	http://dbkwik.webdatacommons.org/ontology/wikiPageWikiLink-	0.16607355621997993
http://dbkwik.webdatacommons.org/starwars.wikia.com/property/death	http://dbkwik.webdatacommons.org/swtor.wikia.com/property/location	0.40352662751379825
http://dbkwik.webdatacommons.org/starwars.wikia.com/property/death-	http://dbkwik.webdatacommons.org/ontology/wikiPageWikiLink	0.10132750882146625
http://dbkwik.webdatacommons.org/starwars.wikia.com/property/death-	http://dbkwik.webdatacommons.org/ontology/wikiPageWikiLink-	0.3125135134502254
http://dbkwik.webdatacommons.org/starwars.wikia.com/property/death-	http://dbkwik.webdatacommons.org/swtor.wikia.com/property/location-	0.24620625245683597
http://dbkwik.webdatacommons.org/starwars.wikia.com/property/gender	http://dbkwik.webdatacommons.org/ontology/wikiPageWikiLink	0.5276492193153716
http://dbkwik.webdatacommons.org/starwars.wikia.com/property/gender	dc:subject	0.5285743495123691
http://dbkwik.webdatacommons.org/starwars.wikia.com/property/gender-	http://dbkwik.webdatacommons.org/ontology/wikiPageWikiLink-	0.5213055893950798
http://dbkwik.webdatacommons.org/starwars.wikia.com/property/gender-	dc:subject-	0.5222195972718254
http://dbkwik.webdatacommons.org/starwars.wikia.com/property/ru-	http://dbkwik.webdatacommons.org/ontology/wikiPageWikiLinkText-	0.2565947895261254
http://dbkwik.webdatacommons.org/starwars.wikia.com/property/ru-	rdfs:label-	0.15895281692783186
http://dbkwik.webdatacommons.org/starwars.wikia.com/property/ru-	skos:altLabel-	0.1786554645939265
http://dbkwik.webdatacommons.org/starwars.wikia.com/property/text	http://dbkwik.webdatacommons.org/ontology/wikiPageWikiLink	0.290600900217772
http://dbkwik.webdatacommons.org/starwars.wikia.com/property/text	http://dbkwik.webdatacommons.org/ontology/wikiPageWikiLink-	0.2718018049820683
http://dbkwik.webdatacommons.org/starwars.wikia.com/property/text-	http://dbkwik.webdatacommons.org/ontology/wikiPageWikiLinkText-	0.30284275563868046
http://dbkwik.webdatacommons.org/starwars.wikia.com/property/text-	rdfs:label-	0.2069038513073999
http://dbkwik.webdatacommons.org/starwars.wikia.com/property/text-	skos:altLabel-	0.2082698532925105
http://dbkwik.webdatacommons.org/starwars.wikia.com/property/region	http://dbkwik.webdatacommons.org/ontology/wikiPageWikiLink	0.17057304336250081
http://dbkwik.webdatacommons.org/starwars.wikia.com/property/region	http://dbkwik.webdatacommons.org/ontology/wikiPageWikiLink-	0.239536591412461
http://dbkwik.webdatacommons.org/starwars.wikia.com/property/region-	http://dbkwik.webdatacommons.org/ontology/wikiPageWikiLink	0.23953659141246106
http://dbkwik.webdatacommons.org/starwars.wikia.com/property/region-	http://dbkwik.webdatacommons.org/ontology/wikiPageWikiLink-	0.17057304336250084
skos:broader	skos:broader	0.2405785429596904
skos:broader-	skos:broader-	0.2405785429596904
http://dbkwik.webdatacommons.org/starwars.wikia.com/property/characters	http://dbkwik.webdatacommons.org/ontology/wikiPageWikiLink	0.1428213481211459
http://dbkwik.webdatacommons.org/starwars.wikia.com/property/characters	http://dbkwik.webdatacommons.org/ontology/wikiPageWikiLink-	0.11557857181700688
http://dbkwik.webdatacommons.org/starwars.wikia.com/property/characters-	http://dbkwik.webdatacommons.org/ontology/wikiPageWikiLink	0.11481397044893926
http://dbkwik.webdatacommons.org/starwars.wikia.com/property/characters-	http://dbkwik.webdatacommons.org/ontology/wikiPageWikiLink-	0.1418765242109181
http://dbkwik.webdatacommons.org/starwars.wikia.com/property/creatures	http://dbkwik.webdatacommons.org/ontology/wikiPageWikiLink-	0.6086245322350875
http://dbkwik.webdatacommons.org/starwars.wikia.com/property/creatures	dc:subject-	0.6086245322350875
http://dbkwik.webdatacommons.org/starwars.wikia.com/property/creatures-	http://dbkwik.webdatacommons.org/ontology/wikiPageWikiLink	0.6086245322350874
http://dbkwik.webdatacommons.org/starwars.wikia.com/property/creatures-	dc:subject	0.6086245322350874
skos:prefLabel-	http://dbkwik.webdatacommons.org/ontology/wikiPageWikiLinkText-	0.25629825758256297
skos:prefLabel-	rdfs:label-	0.769869010023234
skos:prefLabel-	skos:altLabel-	0.1734465238671243
skos:prefLabel-	skos:prefLabel-	0.6032422459922662
http://dbkwik.webdatacommons.org/starwars.wikia.com/property/model	http://dbkwik.webdatacommons.org/ontology/wikiPageWikiLink	0.5844425858993972
http://dbkwik.webdatacommons.org/starwars.wikia.com/property/model	http://dbkwik.webdatacommons.org/ontology/wikiPageWikiLink-	0.35025394683300715
http://dbkwik.webdatacommons.org/starwars.wikia.com/property/model-	http://dbkwik.webdatacommons.org/ontology/wikiPageWikiLink	0.20743435760557438
http://dbkwik.webdatacommons.org/starwars.wikia.com/property/model-	http://dbkwik.webdatacommons.org/ontology/wikiPageWikiLink-	0.3461302105502996
http://dbkwik.webdatacommons.org/starwars.wikia.com/property/model-	http://dbkwik.webdatacommons.org/ontology/wikiPageWikiLinkText-	0.1976621474324742
http://dbkwik.webdatacommons.org/starwars.wikia.com/property/model-	http://dbkwik.webdatacommons.org/swtor.wikia.com/property/name-	0.1822944767244894
http://dbkwik.webdatacommons.org/starwars.wikia.com/property/model-	rdfs:label-	0.304218358761953
http://dbkwik.webdatacommons.org/starwars.wikia.com/property/model-	skos:altLabel-	0.304218358761953
http://dbkwik.webdatacommons.org/starwars.wikia.com/property/pack-	http://dbkwik.webdatacommons.org/ontology/wikiPageWikiLinkText-	0.3087298565733378
http://dbkwik.webdatacommons.org/starwars.wikia.com/property/pack-	http://dbkwik.webdatacommons.org/swtor.wikia.com/property/name-	0.18593078955050088
http://dbkwik.webdatacommons.org/starwars.wikia.com/property/pack-	rdfs:label-	0.3087298565733378
http://dbkwik.webdatacommons.org/starwars.wikia.com/property/pack-	skos:altLabel-	0.3087298565733378
http://dbkwik.webdatacommons.org/starwars.wikia.com/property/masters	http://dbkwik.webdatacommons.org/ontology/wikiPageWikiLink	0.5132187392343053
http://dbkwik.webdatacommons.org/starwars.wikia.com/property/masters	http://dbkwik.webdatacommons.org/ontology/wikiPageWikiLink-	0.3581793072897081
http://dbkwik.webdatacommons.org/starwars.wikia.com/property/masters-	http://dbkwik.webdatacommons.org/ontology/wikiPageWikiLink	0.35689156050633875
http://dbkwik.webdatacommons.org/starwars.wikia.com/property/masters-	http://dbkwik.webdatacommons.org/ontology/wikiPageWikiLink-	0.5113735857953344
http://dbkwik.webdatacommons.org/starwars.wikia.com/property/int	http://dbkwik.webdatacommons.org/ontology/wikiPageWikiLink	0.3044556577733095
http://dbkwik.webdatacommons.org/starwars.wikia.com/property/int	http://dbkwik.webdatacommons.org/ontology/wikiPageWikiLink-	0.2852220904064038
http://dbkwik.webdatacommons.org/starwars.wikia.com/property/int-	http://dbkwik.webdatacommons.org/ontology/wikiPageWikiLink	0.13523116236328822
http://dbkwik.webdatacommons.org/starwars.wikia.com/property/int-	http://dbkwik.webdatacommons.org/ontology/wikiPageWikiLink-	0.14435029359086327
http://dbkwik.webdatacommons.org/starwars.wikia.com/property/members	http://dbkwik.webdatacommons.org/ontology/wikiPageWikiLink	0.43947936462166665
http://dbkwik.webdatacommons.org/starwars.wikia.com/property/members	http://dbkwik.webdatacommons.org/ontology/wikiPageWikiLink-	0.6446925998332588
http://dbkwik.webdatacommons.org/starwars.wikia.com/property/members	http://dbkwik.webdatacommons.org/swtor.wikia.com/property/race-	0.23572159501217893
http://dbkwik.webdatacommons.org/starwars.wikia.com/property/members	http://dbkwik.webdatacommons.org/swtor.wikia.com/property/allegiance-	0.14973192540248753
http://dbkwik.webdatacommons.org/starwars.wikia.com/property/members	http://dbkwik.webdatacommons.org/swtor.wikia.com/property/members	0.11761711845946198
http://dbkwik.webdatacommons.org/starwars.wikia.com/property/members-	http://dbkwik.webdatacommons.org/ontology/wikiPageWikiLink	0.6441426438013768
http://dbkwik.webdatacommons.org/starwars.wikia.com/property/members-	http://dbkwik.webdatacommons.org/ontology/wikiPageWikiLink-	0.43910446606144765
http://dbkwik.webdatacommons.org/starwars.wikia.com/property/members-	http://dbkwik.webdatacommons.org/swtor.wikia.com/property/race	0.23552051233641164
http://dbkwik.webdatacommons.org/starwars.wikia.com/property/members-	http://dbkwik.webdatacommons.org/swtor.wikia.com/property/allegiance	0.1496041963490414
http://dbkwik.webdatacommons.org/starwars.wikia.com/property/members-	http://dbkwik.webdatacommons.org/swtor.wikia.com/property/members-	0.11751678499237067
http://dbkwik.webdatacommons.org/starwars.wikia.com/property/place	http://dbkwik.webdatacommons.org/ontology/wikiPageWikiLink	0.2817185061747755
http://dbkwik.webdatacommons.org/starwars.wikia.com/property/place	http://dbkwik.webdatacommons.org/ontology/wikiPageWikiLink-	0.16626196148439648
http://dbkwik.webdatacommons.org/starwars.wikia.com/property/place-	http://dbkwik.webdatacommons.org/ontology/wikiPageWikiLink	0.1634832568976751
http://dbkwik.webdatacommons.org/starwars.wikia.com/property/place-	http://dbkwik.webdatacommons.org/ontology/wikiPageWikiLink-	0.27701019828352275
http://dbkwik.webdatacommons.org/starwars.wikia.com/property/location	http://dbkwik.webdatacommons.org/ontology/wikiPageWikiLink	0.32599455540329497
http://dbkwik.webdatacommons.org/starwars.wikia.com/property/location	http://dbkwik.webdatacommons.org/ontology/wikiPageWikiLink-	0.18174687155847688
http://dbkwik.webdatacommons.org/starwars.wikia.com/property/location-	http://dbkwik.webdatacommons.org/ontology/wikiPageWikiLink	0.18174687155847674
http://dbkwik.webdatacommons.org/starwars.wikia.com/property/location-	http://dbkwik.webdatacommons.org/ontology/wikiPageWikiLink-	0.3259945554032948
http://dbkwik.webdatacommons.org/starwars.wikia.com/property/crew-	http://dbkwik.webdatacommons.org/swtor.wikia.com/property/crew-	0.5607478172810869
http://dbkwik.webdatacommons.org/starwars.wikia.com/property/de	http://dbkwik.webdatacommons.org/ontology/wikiPageWikiLink	0.20956116517827172
http://dbkwik.webdatacommons.org/starwars.wikia.com/property/de	http://dbkwik.webdatacommons.org/ontology/wikiPageWikiLink-	0.24277953953084325
http://dbkwik.webdatacommons.org/starwars.wikia.com/property/de-	http://dbkwik.webdatacommons.org/ontology/wikiPageWikiLinkText-	0.8503362435352237
http://dbkwik.webdatacommons.org/starwars.wikia.com/property/de-	http://dbkwik.webdatacommons.org/swtor.wikia.com/property/name-	0.49198050034208024
http://dbkwik.webdatacommons.org/starwars.wikia.com/property/de-	rdfs:label-	0.7448967009642687
http://dbkwik.webdatacommons.org/starwars.wikia.com/property/de-	skos:altLabel-	0.7647040797638689
http://dbkwik.webdatacommons.org/starwars.wikia.com/property/commanders	http://dbkwik.webdatacommons.org/ontology/wikiPageWikiLink	0.3614249007048422
http://dbkwik.webdatacommons.org/starwars.wikia.com/property/commanders	http://dbkwik.webdatacommons.org/ontology/wikiPageWikiLink-	0.4736988600767695
http://dbkwik.webdatacommons.org/starwars.wikia.com/property/commanders	http://dbkwik.webdatacommons.org/swtor.wikia.com/property/commanders	0.2204743196931173
http://dbkwik.webdatacommons.org/starwars.wikia.com/property/commanders-	http://dbkwik.webdatacommons.org/ontology/wikiPageWikiLink	0.4736988600767695
http://dbkwik.webdatacommons.org/starwars.wikia.com/property/commanders-	http://dbkwik.webdatacommons.org/ontology/wikiPageWikiLink-	0.3614249007048422
http://dbkwik.webdatacommons.org/starwars.wikia.com/property/commanders-	http://dbkwik.webdatacommons.org/swtor.wikia.com/property/commanders-	0.22047431969311732
http://dbkwik.webdatacommons.org/starwars.wikia.com/property/side	http://dbkwik.webdatacommons.org/ontology/wikiPageWikiLink	0.37114661530132287
http://dbkwik.webdatacommons.org/starwars.wikia.com/property/side	http://dbkwik.webdatacommons.org/swtor.wikia.com/property/side	0.16304147635993957
http://dbkwik.webdatacommons.org/starwars.wikia.com/property/side-	http://dbkwik.webdatacommons.org/ontology/wikiPageWikiLink-	0.35897961833995273
http://dbkwik.webdatacommons.org/starwars.wikia.com/property/side-	http://dbkwik.webdatacommons.org/swtor.wikia.com/property/side-	0.15769662053837114
http://dbkwik.webdatacommons.org/starwars.wikia.com/property/system	http://dbkwik.webdatacommons.org/ontology/wikiPageWikiLink	0.22978258761034995
http://dbkwik.webdatacommons.org/starwars.wikia.com/property/system	http://dbkwik.webdatacommons.org/ontology/wikiPageWikiLink-	0.24514738391868698
http://dbkwik.webdatacommons.org/starwars.wikia.com/property/system-	http://dbkwik.webdatacommons.org/ontology/wikiPageWikiLink	0.24514738391868698
http://dbkwik.webdatacommons.org/starwars.wikia.com/property/system-	http://dbkwik.webdatacommons.org/ontology/wikiPageWikiLink-	0.22978258761034995
http://dbkwik.webdatacommons.org/starwars.wikia.com/property/captains	http://dbkwik.webdatacommons.org/ontology/wikiPageWikiLink	0.6286032886635273
http://dbkwik.webdatacommons.org/starwars.wikia.com/property/captains	http://dbkwik.webdatacommons.org/ontology/wikiPageWikiLink-	0.17940432379658286
http://dbkwik.webdatacommons.org/starwars.wikia.com/property/captains	http://dbkwik.webdatacommons.org/swtor.wikia.com/property/owners	0.2554725914959616
http://dbkwik.webdatacommons.org/starwars.wikia.com/property/captains	http://dbkwik.webdatacommons.org/swtor.wikia.com/property/commanders	0.49839920046688285
http://dbkwik.webdatacommons.org/starwars.wikia.com/property/captains-	http://dbkwik.webdatacommons.org/ontology/wikiPageWikiLink	0.1757054319197131
http://dbkwik.webdatacommons.org/starwars.wikia.com/property/captains-	http://dbkwik.webdatacommons.org/ontology/wikiPageWikiLink-	0.61564297896192
http://dbkwik.webdatacommons.org/starwars.wikia.com/property/captains-	http://dbkwik.webdatacommons.org/swtor.wikia.com/property/owners-	0.2502053522597505
http://dbkwik.webdatacommons.org/starwars.wikia.com/property/captains-	http://dbkwik.webdatacommons.org/swtor.wikia.com/property/commanders-	0.4881233904137448
http://dbkwik.webdatacommons.org/starwars.wikia.com/property/series	http://dbkwik.webdatacommons.org/ontology/wikiPageWikiLink	0.48733054597261055
http://dbkwik.webdatacommons.org/starwars.wikia.com/property/series	http://dbkwik.webdatacommons.org/ontology/wikiPageWikiLink-	0.511867256037911
http://dbkwik.webdatacommons.org/starwars.wikia.com/property/series-	http://dbkwik.webdatacommons.org/ontology/wikiPageWikiLink	0.511867256037911
http://dbkwik.webdatacommons.org/starwars.wikia.com/property/series-	http://dbkwik.webdatacommons.org/ontology/wikiPageWikiLink-	0.48733054597261044
http://dbkwik.webdatacommons.org/starwars.wikia.com/property/pt-	http://dbkwik.webdatacommons.org/ontology/wikiPageWikiLinkText-	0.797361322133652
http://dbkwik.webdatacommons.org/starwars.wikia.com/property/pt-	http://dbkwik.webdatacommons.org/swtor.wikia.com/property/name-	0.3765504750035557
http://dbkwik.webdatacommons.org/starwars.wikia.com/property/pt-	rdfs:label-	0.7120446444796563
http://dbkwik.webdatacommons.org/starwars.wikia.com/property/pt-	skos:altLabel-	0.7353940102125921
http://dbkwik.webdatacommons.org/starwars.wikia.com/property/coord	http://dbkwik.webdatacommons.org/ontology/wikiPageWikiLink	0.34590954982142147
http://dbkwik.webdatacommons.org/starwars.wikia.com/property/coord	dc:subject	0.34590954982142147
http://dbkwik.webdatacommons.org/starwars.wikia.com/property/coord-	http://dbkwik.webdatacommons.org/ontology/wikiPageWikiLink-	0.3459095498214216
http://dbkwik.webdatacommons.org/starwars.wikia.com/property/coord-	dc:subject-	0.3459095498214216
http://dbkwik.webdatacommons.org/starwars.wikia.com/property/pl	http://dbkwik.webdatacommons.org/ontology/wikiPageWikiLink	0.17539298736694167
http://dbkwik.webdatacommons.org/starwars.wikia.com/property/pl	http://dbkwik.webdatacommons.org/ontology/wikiPageWikiLink-	0.12508291683544195
http://dbkwik.webdatacommons.org/starwars.wikia.com/property/pl	http://dbkwik.webdatacommons.org/swtor.wikia.com/property/homeworld-	0.12508291683544195
http://dbkwik.webdatacommons.org/starwars.wikia.com/property/pl-	http://dbkwik.webdatacommons.org/ontology/wikiPageWikiLinkText-	0.8382370131262049
http://dbkwik.webdatacommons.org/starwars.wikia.com/property/pl-	http://dbkwik.webdatacommons.org/swtor.wikia.com/property/name-	0.5085707535084573
http://dbkwik.webdatacommons.org/starwars.wikia.com/property/pl-	rdfs:label-	0.7560968375498326
http://dbkwik.webdatacommons.org/starwars.wikia.com/property/pl-	skos:altLabel-	0.7808970350443251
http://dbkwik.webdatacommons.org/starwars.wikia.com/property/es	http://dbkwik.webdatacommons.org/ontology/wikiPageWikiLink-	0.15656530972838123
http://dbkwik.webdatacommons.org/starwars.wikia.com/property/es-	http://dbkwik.webdatacommons.org/ontology/wikiPageWikiLinkText-	0.8668895659335466
http://dbkwik.webdatacommons.org/starwars.wikia.com/property/es-	http://dbkwik.webdatacommons.org/swtor.wikia.com/property/name-	0.43404897297237094
http://dbkwik.webdatacommons.org/starwars.wikia.com/property/es-	rdfs:label-	0.746123236994329
http://dbkwik.webdatacommons.org/starwars.wikia.com/property/es-	skos:altLabel-	0.7547008547697309
http://dbkwik.webdatacommons.org/starwars.wikia.com/property/role	http://dbkwik.webdatacommons.org/ontology/wikiPageWikiLink	0.20792980796955426
http://dbkwik.webdatacommons.org/starwars.wikia.com/property/role	http://dbkwik.webdatacommons.org/ontology/wikiPageWikiLink-	0.47814846064627514
http://dbkwik.webdatacommons.org/starwars.wikia.com/property/role	http://dbkwik.webdatacommons.org/swtor.wikia.com/property/type	0.10757435247250491
http://dbkwik.webdatacommons.org/starwars.wikia.com/property/role-	http://dbkwik.webdatacommons.org/ontology/wikiPageWikiLink	0.22645591641285842
http://dbkwik.webdatacommons.org/starwars.wikia.com/property/role-	http://dbkwik.webdatacommons.org/swtor.wikia.com/property/role-	0.29928205399372787
http://dbkwik.webdatacommons.org/starwars.wikia.com/property/planet	http://dbkwik.webdatacommons.org/ontology/wikiPageWikiLink	0.6501865273658288
http://dbkwik.webdatacommons.org/starwars.wikia.com/property/planet	http://dbkwik.webdatacommons.org/ontology/wikiPageWikiLink-	0.46367329276042246
http://dbkwik.webdatacommons.org/starwars.wikia.com/property/planet	http://dbkwik.webdatacommons.org/swtor.wikia.com/property/homeworld	0.2980703449716826
http://dbkwik.webdatacommons.org/starwars.wikia.com/property/planet-	http://dbkwik.webdatacommons.org/ontology/wikiPageWikiLink	0.4589974525689763
http://dbkwik.webdatacommons.org/starwars.wikia.com/property/planet-	http://dbkwik.webdatacommons.org/ontology/wikiPageWikiLink-	0.643629823876407
http://dbkwik.webdatacommons.org/starwars.wikia.com/property/planet-	http://dbkwik.webdatacommons.org/swtor.wikia.com/property/homeworld-	0.29506450158872777
http://dbkwik.webdatacommons.org/starwars.wikia.com/property/after	http://dbkwik.webdatacommons.org/ontology/wikiPageWikiLink	0.433250154609814
http://dbkwik.webdatacommons.org/starwars.wikia.com/property/after	http://dbkwik.webdatacommons.org/ontology/wikiPageWikiLink-	0.37652457541856604
http://dbkwik.webdatacommons.org/starwars.wikia.com/property/after	http://dbkwik.webdatacommons.org/swtor.wikia.com/property/after	0.118992748948355
http://dbkwik.webdatacommons.org/starwars.wikia.com/property/after	http://dbkwik.webdatacommons.org/swtor.wikia.com/property/before-	0.12224483506141476
http://dbkwik.webdatacommons.org/starwars.wikia.com/property/after-	http://dbkwik.webdatacommons.org/ontology/wikiPageWikiLink	0.3633303516711478
http://dbkwik.webdatacommons.org/starwars.wikia.com/property/after-	http://dbkwik.webdatacommons.org/ontology/wikiPageWikiLink-	0.4180681456475284
http://dbkwik.webdatacommons.org/starwars.wikia.com/property/after-	http://dbkwik.webdatacommons.org/swtor.wikia.com/property/after-	0.11482298937237077
http://dbkwik.webdatacommons.org/starwars.wikia.com/property/after-	http://dbkwik.webdatacommons.org/swtor.wikia.com/property/before	0.11796111545566651
http://dbkwik.webdatacommons.org/starwars.wikia.com/property/cast	http://dbkwik.webdatacommons.org/ontology/wikiPageWikiLink	0.4339310062418207
http://dbkwik.webdatacommons.org/starwars.wikia.com/property/cast	http://dbkwik.webdatacommons.org/swtor.wikia.com/property/content	0.41045038835844694
http://dbkwik.webdatacommons.org/starwars.wikia.com/property/cast-	http://dbkwik.webdatacommons.org/ontology/wikiPageWikiLink-	0.42397044296400915
http://dbkwik.webdatacommons.org/starwars.wikia.com/property/cast-	http://dbkwik.webdatacommons.org/swtor.wikia.com/property/content-	0.42398306089785176
http://dbkwik.webdatacommons.org/starwars.wikia.com/property/homeworld	http://dbkwik.webdatacommons.org/ontology/wikiPageWikiLink	0.5819563898770588
http://dbkwik.webdatacommons.org/starwars.wikia.com/property/homeworld	http://dbkwik.webdatacommons.org/swtor.wikia.com/property/location	0.3794172073614631
http://dbkwik.webdatacommons.org/starwars.wikia.com/property/homeworld-	http://dbkwik.webdatacommons.org/ontology/wikiPageWikiLink-	0.5819563898770587
http://dbkwik.webdatacommons.org/starwars.wikia.com/property/homeworld-	http://dbkwik.webdatacommons.org/swtor.wikia.com/property/location-	0.379417207361463
http://dbkwik.webdatacommons.org/starwars.wikia.com/property/nl	http://dbkwik.webdatacommons.org/ontology/wikiPageWikiLink	0.12839228748139903
http://dbkwik.webdatacommons.org/starwars.wikia.com/property/nl	http://dbkwik.webdatacommons.org/ontology/wikiPageWikiLink-	0.21695979084453187
http://dbkwik.webdatacommons.org/starwars.wikia.com/property/nl-	http://dbkwik.webdatacommons.org/ontology/wikiPageWikiLinkText-	0.8619694521144518
http://dbkwik.webdatacommons.org/starwars.wikia.com/property/nl-	http://dbkwik.webdatacommons.org/swtor.wikia.com/property/name-	0.3550261029631491
http://dbkwik.webdatacommons.org/starwars.wikia.com/property/nl-	rdfs:label-	0.7410749586312069
http://dbkwik.webdatacommons.org/starwars.wikia.com/property/nl-	skos:altLabel-	0.795470922271487
http://dbkwik.webdatacommons.org/starwars.wikia.com/property/precededBy	http://dbkwik.webdatacommons.org/ontology/wikiPageWikiLink-	0.10413371884340523
http://dbkwik.webdatacommons.org/starwars.wikia.com/property/otherCharacters	http://dbkwik.webdatacommons.org/ontology/wikiPageWikiLink	0.10727564699151824
http://dbkwik.webdatacommons.org/starwars.wikia.com/property/otherCharacters	http://dbkwik.webdatacommons.org/ontology/wikiPageWikiLink-	0.14187164964674814
http://dbkwik.webdatacommons.org/starwars.wikia.com/property/otherCharacters	http://dbkwik.webdatacommons.org/swtor.wikia.com/property/otherCharacters	0.10727564699151824
http://dbkwik.webdatacommons.org/starwars.wikia.com/property/otherCharacters-	http://dbkwik.webdatacommons.org/ontology/wikiPageWikiLink	0.14187164964674814
http://dbkwik.webdatacommons.org/starwars.wikia.com/property/otherCharacters-	http://dbkwik.webdatacommons.org/ontology/wikiPageWikiLink-	0.10727564699151824
http://dbkwik.webdatacommons.org/starwars.wikia.com/property/otherCharacters-	http://dbkwik.webdatacommons.org/swtor.wikia.com/property/otherCharacters-	0.10727564699151824
http://dbkwik.webdatacommons.org/starwars.wikia.com/property/skeleton-	http://dbkwik.webdatacommons.org/swtor.wikia.com/property/crew-	0.15031665156349083
http://dbkwik.webdatacommons.org/starwars.wikia.com/property/fi-	http://dbkwik.webdatacommons.org/ontology/wikiPageWikiLinkText-	0.7011114080711871
http://dbkwik.webdatacommons.org/starwars.wikia.com/property/fi-	http://dbkwik.webdatacommons.org/swtor.wikia.com/property/name-	0.44239632755255925
http://dbkwik.webdatacommons.org/starwars.wikia.com/property/fi-	rdfs:label-	0.6314444281298175
http://dbkwik.webdatacommons.org/starwars.wikia.com/property/fi-	skos:altLabel-	0.657386111900365
http://dbkwik.webdatacommons.org/starwars.wikia.com/property/owners	http://dbkwik.webdatacommons.org/ontology/wikiPageWikiLink	0.5531769427860204
http://dbkwik.webdatacommons.org/starwars.wikia.com/property/owners	http://dbkwik.webdatacommons.org/ontology/wikiPageWikiLink-	0.24549222699419088
http://dbkwik.webdatacommons.org/starwars.wikia.com/property/owners	http://dbkwik.webdatacommons.org/swtor.wikia.com/property/owners	0.40195647524453054
http://dbkwik.webdatacommons.org/starwars.wikia.com/property/owners	http://dbkwik.webdatacommons.org/swtor.wikia.com/property/commanders	0.3106750650768004
http://dbkwik.webdatacommons.org/starwars.wikia.com/property/owners-	http://dbkwik.webdatacommons.org/ontology/wikiPageWikiLink	0.2417743797941201
http://dbkwik.webdatacommons.org/starwars.wikia.com/property/owners-	http://dbkwik.webdatacommons.org/ontology/wikiPageWikiLink-	0.5447993767300109
http://dbkwik.webdatacommons.org/starwars.wikia.com/property/owners-	http://dbkwik.webdatacommons.org/swtor.wikia.com/property/owners-	0.3958690615030211
http://dbkwik.webdatacommons.org/starwars.wikia.com/property/owners-	http://dbkwik.webdatacommons.org/swtor.wikia.com/property/commanders-	0.305970058995875
http://dbkwik.webdatacommons.org/starwars.wikia.com/property/cs	http://dbkwik.webdatacommons.org/ontology/wikiPageWikiLink	0.13685176109750313
http://dbkwik.webdatacommons.org/starwars.wikia.com/property/cs	http://dbkwik.webdatacommons.org/ontology/wikiPageWikiLink-	0.17562090140387915
http://dbkwik.webdatacommons.org/starwars.wikia.com/property/cs	http://dbkwik.webdatacommons.org/swtor.wikia.com/property/homeworld-	0.13685176109750313
http://dbkwik.webdatacommons.org/starwars.wikia.com/property/cs-	http://dbkwik.webdatacommons.org/ontology/wikiPageWikiLinkText-	0.7829052651201345
http://dbkwik.webdatacommons.org/starwars.wikia.com/property/cs-	http://dbkwik.webdatacommons.org/swtor.wikia.com/property/name-	0.36081971265472096
http://dbkwik.webdatacommons.org/starwars.wikia.com/property/cs-	rdfs:label-	0.6919427194650408
http://dbkwik.webdatacommons.org/starwars.wikia.com/property/cs-	skos:altLabel-	0.7381113796793305
http://dbkwik.webdatacommons.org/starwars.wikia.com/property/result	http://dbkwik.webdatacommons.org/ontology/wikiPageWikiLink	0.37396502128475967
http://dbkwik.webdatacommons.org/starwars.wikia.com/property/result	http://dbkwik.webdatacommons.org/ontology/wikiPageWikiLink-	0.2439291234949172
http://dbkwik.webdatacommons.org/starwars.wikia.com/property/result	http://dbkwik.webdatacommons.org/swtor.wikia.com/property/side	0.13724264187910273
http://dbkwik.webdatacommons.org/starwars.wikia.com/property/result	http://dbkwik.webdatacommons.org/swtor.wikia.com/property/dramatisPersonae	0.10464717946732843
http://dbkwik.webdatacommons.org/starwars.wikia.com/property/result	http://dbkwik.webdatacommons.org/swtor.wikia.com/property/result	0.11177430901289756
http://dbkwik.webdatacommons.org/starwars.wikia.com/property/result-	http://dbkwik.webdatacommons.org/ontology/wikiPageWikiLink	0.23564643039755917
http://dbkwik.webdatacommons.org/starwars.wikia.com/property/result-	http://dbkwik.webdatacommons.org/ontology/wikiPageWikiLink-	0.36126691678592093
http://dbkwik.webdatacommons.org/starwars.wikia.com/property/result-	http://dbkwik.webdatacommons.org/swtor.wikia.com/property/dramatisPersonae-	0.10109385029279841
http://dbkwik.webdatacommons.org/starwars.wikia.com/property/result-	http://dbkwik.webdatacommons.org/swtor.wikia.com/property/result-	0.1419343025972153
http://dbkwik.webdatacommons.org/starwars.wikia.com/property/result-	http://dbkwik.webdatacommons.org/swtor.wikia.com/property/side-	0.13258252312711244
http://dbkwik.webdatacommons.org/starwars.wikia.com/property/demonym	http://dbkwik.webdatacommons.org/ontology/wikiPageWikiLink	0.22245581293567707
http://dbkwik.webdatacommons.org/starwars.wikia.com/property/demonym	http://dbkwik.webdatacommons.org/ontology/wikiPageWikiLink-	0.22245581293567707
http://dbkwik.webdatacommons.org/starwars.wikia.com/property/demonym	http://dbkwik.webdatacommons.org/swtor.wikia.com/property/homeworld-	0.22245581293567707
http://dbkwik.webdatacommons.org/starwars.wikia.com/property/demonym-	http://dbkwik.webdatacommons.org/ontology/wikiPageWikiLink	0.18048552734110462
http://dbkwik.webdatacommons.org/starwars.wikia.com/property/demonym-	http://dbkwik.webdatacommons.org/ontology/wikiPageWikiLink-	0.18048552734110462
http://dbkwik.webdatacommons.org/starwars.wikia.com/property/demonym-	http://dbkwik.webdatacommons.org/swtor.wikia.com/property/homeworld	0.18048552734110462
http://dbkwik.webdatacommons.org/ontology/wikiPageDisambiguates	http://dbkwik.webdatacommons.org/ontology/wikiPageWikiLink	0.12097258075512679
http://dbkwik.webdatacommons.org/ontology/wikiPageDisambiguates	http://dbkwik.webdatacommons.org/ontology/wikiPageWikiLink-	0.2681561312348091
http://dbkwik.webdatacommons.org/ontology/wikiPageDisambiguates-	http://dbkwik.webdatacommons.org/ontology/wikiPageWikiLink	0.26815613123480914
http://dbkwik.webdatacommons.org/ontology/wikiPageDisambiguates-	http://dbkwik.webdatacommons.org/ontology/wikiPageWikiLink-	0.1209725807551268
http://dbkwik.webdatacommons.org/starwars.wikia.com/property/participants	http://dbkwik.webdatacommons.org/ontology/wikiPageWikiLink	0.20852360265643366
http://dbkwik.webdatacommons.org/starwars.wikia.com/property/participants	http://dbkwik.webdatacommons.org/ontology/wikiPageWikiLink-	0.21375201628550636
http://dbkwik.webdatacommons.org/starwars.wikia.com/property/participants	http://dbkwik.webdatacommons.org/swtor.wikia.com/property/commanders	0.10702580590988224
http://dbkwik.webdatacommons.org/starwars.wikia.com/property/participants-	http://dbkwik.webdatacommons.org/ontology/wikiPageWikiLink	0.2105536378844165
http://dbkwik.webdatacommons.org/starwars.wikia.com/property/participants-	http://dbkwik.webdatacommons.org/ontology/wikiPageWikiLink-	0.20540345717924216
http://dbkwik.webdatacommons.org/starwars.wikia.com/property/participants-	http://dbkwik.webdatacommons.org/swtor.wikia.com/property/commanders-	0.10542437528045516
http://dbkwik.webdatacommons.org/starwars.wikia.com/property/creators	http://dbkwik.webdatacommons.org/ontology/wikiPageWikiLink	0.24779662422279514
http://dbkwik.webdatacommons.org/starwars.wikia.com/property/creators	http://dbkwik.webdatacommons.org/ontology/wikiPageWikiLink-	0.25336491905191133
http://dbkwik.webdatacommons.org/starwars.wikia.com/property/creators-	http://dbkwik.webdatacommons.org/ontology/wikiPageWikiLink	0.23237556572448795
http://dbkwik.webdatacommons.org/starwars.wikia.com/property/creators-	http://dbkwik.webdatacommons.org/ontology/wikiPageWikiLink-	0.22726856170089027
http://dbkwik.webdatacommons.org/starwars.wikia.com/property/cardname-	http://dbkwik.webdatacommons.org/ontology/wikiPageWikiLinkText-	0.5642169568816436
http://dbkwik.webdatacommons.org/starwars.wikia.com/property/cardname-	http://dbkwik.webdatacommons.org/swtor.wikia.com/property/name-	0.20176166247999403
http://dbkwik.webdatacommons.org/starwars.wikia.com/property/cardname-	rdfs:label-	0.5362236765221308
http://dbkwik.webdatacommons.org/starwars.wikia.com/property/cardname-	skos:altLabel-	0.5362236765221308
http://dbkwik.webdatacommons.org/starwars.wikia.com/property/poi	http://dbkwik.webdatacommons.org/ontology/wikiPageWikiLink-	0.32909440415680064
http://dbkwik.webdatacommons.org/starwars.wikia.com/property/poi	dc:subject-	0.22662561336190198
http://dbkwik.webdatacommons.org/starwars.wikia.com/property/poi-	http://dbkwik.webdatacommons.org/ontology/wikiPageWikiLink	0.3290944041568005
http://dbkwik.webdatacommons.org/starwars.wikia.com/property/poi-	dc:subject	0.22662561336190196
http://dbkwik.webdatacommons.org/starwars.wikia.com/property/cities	http://dbkwik.webdatacommons.org/ontology/wikiPageWikiLink	0.29724186982560274
http://dbkwik.webdatacommons.org/starwars.wikia.com/property/cities	http://dbkwik.webdatacommons.org/ontology/wikiPageWikiLink-	0.4060233123674436
http://dbkwik.webdatacommons.org/starwars.wikia.com/property/cities-	http://dbkwik.webdatacommons.org/ontology/wikiPageWikiLink	0.36428548113885834
http://dbkwik.webdatacommons.org/starwars.wikia.com/property/cities-	http://dbkwik.webdatacommons.org/ontology/wikiPageWikiLink-	0.2666864051048414
http://dbkwik.webdatacommons.org/starwars.wikia.com/property/terrain-	http://dbkwik.webdatacommons.org/swtor.wikia.com/property/terrain-	0.14161358769690738
http://dbkwik.webdatacommons.org/starwars.wikia.com/property/hdsystem-	http://dbkwik.webdatacommons.org/swtor.wikia.com/property/hyperdrive-	0.2128670383144245
http://dbkwik.webdatacommons.org/starwars.wikia.com/property/interest	http://dbkwik.webdatacommons.org/ontology/wikiPageWikiLink	0.2699320526166408
http://dbkwik.webdatacommons.org/starwars.wikia.com/property/interest	http://dbkwik.webdatacommons.org/ontology/wikiPageWikiLink-	0.42897044637817794
http://dbkwik.webdatacommons.org/starwars.wikia.com/property/interest-	http://dbkwik.webdatacommons.org/ontology/wikiPageWikiLink	0.41079333406221563
http://dbkwik.webdatacommons.org/starwars.wikia.com/property/interest-	http://dbkwik.webdatacommons.org/ontology/wikiPageWikiLink-	0.2584940030271702
http://dbkwik.webdatacommons.org/starwars.wikia.com/property/sw	http://dbkwik.webdatacommons.org/ontology/wikiPageWikiLink-	0.22003683806665592
http://dbkwik.webdatacommons.org/starwars.wikia.com/property/sw	http://dbkwik.webdatacommons.org/swtor.wikia.com/property/content-	0.11639746463847374
http://dbkwik.webdatacommons.org/starwars.wikia.com/property/sw-	http://dbkwik.webdatacommons.org/ontology/wikiPageWikiLink	0.22003683806665592
http://dbkwik.webdatacommons.org/starwars.wikia.com/property/sw-	http://dbkwik.webdatacommons.org/swtor.wikia.com/property/content	0.11639746463847374
http://dbkwik.webdatacommons.org/starwars.wikia.com/property/headquarters	http://dbkwik.webdatacommons.org/ontology/wikiPageWikiLink	0.4275917241749685
http://dbkwik.webdatacommons.org/starwars.wikia.com/property/headquarters	http://dbkwik.webdatacommons.org/ontology/wikiPageWikiLink-	0.25601252520258694
http://dbkwik.webdatacommons.org/starwars.wikia.com/property/headquarters	http://dbkwik.webdatacommons.org/swtor.wikia.com/property/headquarters	0.1770541578156065
http://dbkwik.webdatacommons.org/starwars.wikia.com/property/headquarters-	http://dbkwik.webdatacommons.org/ontology/wikiPageWikiLink	0.25601252520258694
http://dbkwik.webdatacommons.org/starwars.wikia.com/property/headquarters-	http://dbkwik.webdatacommons.org/ontology/wikiPageWikiLink-	0.4275917241749685
http://dbkwik.webdatacommons.org/starwars.wikia.com/property/headquarters-	http://dbkwik.webdatacommons.org/swtor.wikia.com/property/headquarters-	0.17705415781560646
http://dbkwik.webdatacommons.org/starwars.wikia.com/property/voice	http://dbkwik.webdatacommons.org/ontology/wikiPageWikiLink	0.13557580155218923
http://dbkwik.webdatacommons.org/starwars.wikia.com/property/voice	http://dbkwik.webdatacommons.org/ontology/wikiPageWikiLink-	0.25178857142250805
http://dbkwik.webdatacommons.org/starwars.wikia.com/property/voice	http://dbkwik.webdatacommons.org/swtor.wikia.com/property/voice-	0.1258942158675799
http://dbkwik.webdatacommons.org/starwars.wikia.com/property/voice	http://dbkwik.webdatacommons.org/swtor.wikia.com/property/content-	0.12589435555492817
http://dbkwik.webdatacommons.org/starwars.wikia.com/property/voice-	http://dbkwik.webdatacommons.org/ontology/wikiPageWikiLink	0.23903685844093775
http://dbkwik.webdatacommons.org/starwars.wikia.com/property/voice-	http://dbkwik.webdatacommons.org/ontology/wikiPageWikiLink-	0.12870962927569285
http://dbkwik.webdatacommons.org/starwars.wikia.com/property/voice-	http://dbkwik.webdatacommons.org/swtor.wikia.com/property/voice	0.11951836291399454
http://dbkwik.webdatacommons.org/starwars.wikia.com/property/voice-	http://dbkwik.webdatacommons.org/swtor.wikia.com/property/content	0.1195184955269432
http://dbkwik.webdatacommons.org/starwars.wikia.com/property/armament	http://dbkwik.webdatacommons.org/ontology/wikiPageWikiLink	0.1491853000194353
http://dbkwik.webdatacommons.org/starwars.wikia.com/property/armament-	http://dbkwik.webdatacommons.org/swtor.wikia.com/property/crew-	0.16838839799974478
http://dbkwik.webdatacommons.org/starwars.wikia.com/property/moons	http://dbkwik.webdatacommons.org/ontology/wikiPageWikiLink-	0.16457434994690415
http://dbkwik.webdatacommons.org/starwars.wikia.com/property/length-	http://dbkwik.webdatacommons.org/swtor.wikia.com/property/length-	0.6257646921243396
http://dbkwik.webdatacommons.org/starwars.wikia.com/property/battles	http://dbkwik.webdatacommons.org/ontology/wikiPageWikiLink	0.2436954751111391
http://dbkwik.webdatacommons.org/starwars.wikia.com/property/battles	http://dbkwik.webdatacommons.org/ontology/wikiPageWikiLink-	0.14801856627588542
http://dbkwik.webdatacommons.org/starwars.wikia.com/property/battles-	http://dbkwik.webdatacommons.org/ontology/wikiPageWikiLink	0.14801856627588542
http://dbkwik.webdatacommons.org/starwars.wikia.com/property/battles-	http://dbkwik.webdatacommons.org/ontology/wikiPageWikiLink-	0.2436954751111391
http://dbkwik.webdatacommons.org/starwars.wikia.com/property/fr	http://dbkwik.webdatacommons.org/ontology/wikiPageWikiLink	0.2096372537133146
http://dbkwik.webdatacommons.org/starwars.wikia.com/property/fr	http://dbkwik.webdatacommons.org/ontology/wikiPageWikiLink-	0.2481328996429871
http://dbkwik.webdatacommons.org/starwars.wikia.com/property/fr	http://dbkwik.webdatacommons.org/swtor.wikia.com/property/races	0.1480459483312721
http://dbkwik.webdatacommons.org/starwars.wikia.com/property/fr	http://dbkwik.webdatacommons.org/swtor.wikia.com/property/homeworld-	0.2096372537133146
http://dbkwik.webdatacommons.org/starwars.wikia.com/property/fr-	http://dbkwik.webdatacommons.org/ontology/wikiPageWikiLinkText-	0.8394950893349866
http://dbkwik.webdatacommons.org/starwars.wikia.com/property/fr-	http://dbkwik.webdatacommons.org/swtor.wikia.com/property/name-	0.46153385933987223
http://dbkwik.webdatacommons.org/starwars.wikia.com/property/fr-	rdfs:label-	0.747023934979042
http://dbkwik.webdatacommons.org/starwars.wikia.com/property/fr-	skos:altLabel-	0.7667325336218623
http://dbkwik.webdatacommons.org/starwars.wikia.com/property/sl-	http://dbkwik.webdatacommons.org/ontology/wikiPageWikiLinkText-	0.1535741707543391
http://dbkwik.webdatacommons.org/starwars.wikia.com/property/sl-	rdfs:label-	0.1535741707543391
http://dbkwik.webdatacommons.org/starwars.wikia.com/property/sl-	skos:altLabel-	0.1535741707543391
http://dbkwik.webdatacommons.org/starwars.wikia.com/property/formed	http://dbkwik.webdatacommons.org/ontology/wikiPageWikiLink	0.26187788060587325
http://dbkwik.webdatacommons.org/starwars.wikia.com/property/formed-	http://dbkwik.webdatacommons.org/ontology/wikiPageWikiLink-	0.26187788060587325
http://dbkwik.webdatacommons.org/starwars.wikia.com/property/dramatisPersonae	http://dbkwik.webdatacommons.org/ontology/wikiPageWikiLink	0.24893531810226904
http://dbkwik.webdatacommons.org/starwars.wikia.com/property/dramatisPersonae	http://dbkwik.webdatacommons.org/ontology/wikiPageWikiLink-	0.2975275254407337
http://dbkwik.webdatacommons.org/starwars.wikia.com/property/dramatisPersonae	http://dbkwik.webdatacommons.org/swtor.wikia.com/property/dramatisPersonae	0.1987083086896539
http://dbkwik.webdatacommons.org/starwars.wikia.com/property/dramatisPersonae-	http://dbkwik.webdatacommons.org/ontology/wikiPageWikiLink	0.2975275254407337
http://dbkwik.webdatacommons.org/starwars.wikia.com/property/dramatisPersonae-	http://dbkwik.webdatacommons.org/ontology/wikiPageWikiLink-	0.24893531810226904
http://dbkwik.webdatacommons.org/starwars.wikia.com/property/dramatisPersonae-	http://dbkwik.webdatacommons.org/swtor.wikia.com/property/dramatisPersonae-	0.1987083086896539
http://dbkwik.webdatacommons.org/starwars.wikia.com/property/consumables-	http://dbkwik.webdatacommons.org/swtor.wikia.com/property/crew-	0.16889936603074135
http://dbkwik.webdatacommons.org/starwars.wikia.com/property/builder	http://dbkwik.webdatacommons.org/ontology/wikiPageWikiLink	0.2624923288338277
http://dbkwik.webdatacommons.org/starwars.wikia.com/property/builder	http://dbkwik.webdatacommons.org/ontology/wikiPageWikiLink-	0.12607067320157367
http://dbkwik.webdatacommons.org/starwars.wikia.com/property/builder-	http://dbkwik.webdatacommons.org/ontology/wikiPageWikiLink	0.12607067320157364
http://dbkwik.webdatacommons.org/starwars.wikia.com/property/builder-	http://dbkwik.webdatacommons.org/ontology/wikiPageWikiLink-	0.2624923288338277
http://dbkwik.webdatacommons.org/starwars.wikia.com/property/commander	http://dbkwik.webdatacommons.org/ontology/wikiPageWikiLink	0.2659980492205782
http://dbkwik.webdatacommons.org/starwars.wikia.com/property/commander	http://dbkwik.webdatacommons.org/ontology/wikiPageWikiLink-	0.3276857636739234
http://dbkwik.webdatacommons.org/starwars.wikia.com/property/commander	http://dbkwik.webdatacommons.org/swtor.wikia.com/property/leaders	0.1345101871624046
http://dbkwik.webdatacommons.org/starwars.wikia.com/property/commander	http://dbkwik.webdatacommons.org/swtor.wikia.com/property/faction-	0.1345101331487302
http://dbkwik.webdatacommons.org/starwars.wikia.com/property/commander	http://dbkwik.webdatacommons.org/swtor.wikia.com/property/secondary	0.1763245613699975
http://dbkwik.webdatacommons.org/starwars.wikia.com/property/commander	http://dbkwik.webdatacommons.org/swtor.wikia.com/property/allegiance-	0.17934697445131034
http://dbkwik.webdatacommons.org/starwars.wikia.com/property/commander-	http://dbkwik.webdatacommons.org/ontology/wikiPageWikiLink	0.32768576367392344
http://dbkwik.webdatacommons.org/starwars.wikia.com/property/commander-	http://dbkwik.webdatacommons.org/ontology/wikiPageWikiLink-	0.2659980492205782
http://dbkwik.webdatacommons.org/starwars.wikia.com/property/commander-	http://dbkwik.webdatacommons.org/swtor.wikia.com/property/faction	0.1345101331487302
http://dbkwik.webdatacommons.org/starwars.wikia.com/property/commander-	http://dbkwik.webdatacommons.org/swtor.wikia.com/property/allegiance	0.17934697445131037
http://dbkwik.webdatacommons.org/starwars.wikia.com/property/commander-	http://dbkwik.webdatacommons.org/swtor.wikia.com/property/leaders-	0.13451018716240462
http://dbkwik.webdatacommons.org/starwars.wikia.com/property/commander-	http://dbkwik.webdatacommons.org/swtor.wikia.com/property/secondary-	0.1763245613699975
http://dbkwik.webdatacommons.org/starwars.wikia.com/property/class	http://dbkwik.webdatacommons.org/ontology/wikiPageWikiLink	0.3085785474122738
http://dbkwik.webdatacommons.org/starwars.wikia.com/property/class	http://dbkwik.webdatacommons.org/ontology/wikiPageWikiLink-	0.4739540724871078
http://dbkwik.webdatacommons.org/starwars.wikia.com/property/class	dc:subject	0.12936468957749017
http://dbkwik.webdatacommons.org/starwars.wikia.com/property/class-	http://dbkwik.webdatacommons.org/ontology/wikiPageWikiLink	0.45054315649189863
http://dbkwik.webdatacommons.org/starwars.wikia.com/property/class-	http://dbkwik.webdatacommons.org/ontology/wikiPageWikiLink-	0.2933363396315
http://dbkwik.webdatacommons.org/starwars.wikia.com/property/class-	dc:subject-	0.12297473313181088
http://dbkwik.webdatacommons.org/starwars.wikia.com/property/before	http://dbkwik.webdatacommons.org/ontology/wikiPageWikiLink	0.438816849881881
http://dbkwik.webdatacommons.org/starwars.wikia.com/property/before	http://dbkwik.webdatacommons.org/ontology/wikiPageWikiLink-	0.46548788814064895
http://dbkwik.webdatacommons.org/starwars.wikia.com/property/before	http://dbkwik.webdatacommons.org/swtor.wikia.com/property/after-	0.13414497038120113
http://dbkwik.webdatacommons.org/starwars.wikia.com/property/before	http://dbkwik.webdatacommons.org/swtor.wikia.com/property/before	0.14737776677453931
http://dbkwik.webdatacommons.org/starwars.wikia.com/property/before-	http://dbkwik.webdatacommons.org/ontology/wikiPageWikiLink	0.39051711721316207
http://dbkwik.webdatacommons.org/starwars.wikia.com/property/before-	http://dbkwik.webdatacommons.org/ontology/wikiPageWikiLink-	0.36814167579083024
http://dbkwik.webdatacommons.org/starwars.wikia.com/property/before-	http://dbkwik.webdatacommons.org/swtor.wikia.com/property/after	0.11253978558102261
http://dbkwik.webdatacommons.org/starwars.wikia.com/property/before-	http://dbkwik.webdatacommons.org/swtor.wikia.com/property/before-	0.12364132792369627
http://dbkwik.webdatacommons.org/starwars.wikia.com/property/followedBy	http://dbkwik.webdatacommons.org/ontology/wikiPageWikiLink	0.10413371884340526
http://dbkwik.webdatacommons.org/starwars.wikia.com/property/followedBy-	http://dbkwik.webdatacommons.org/ontology/wikiPageWikiLink-	0.10413371884340523
http://dbkwik.webdatacommons.org/starwars.wikia.com/property/language	http://dbkwik.webdatacommons.org/ontology/wikiPageWikiLink	0.10292682639032943
http://dbkwik.webdatacommons.org/starwars.wikia.com/property/language	http://dbkwik.webdatacommons.org/ontology/wikiPageWikiLink-	0.13093381709072405
http://dbkwik.webdatacommons.org/starwars.wikia.com/property/language-	http://dbkwik.webdatacommons.org/ontology/wikiPageWikiLink	0.10355718921354536
http://dbkwik.webdatacommons.org/starwars.wikia.com/property/storyName-	http://dbkwik.webdatacommons.org/ontology/wikiPageWikiLinkText-	0.2076928317336476
http://dbkwik.webdatacommons.org/starwars.wikia.com/property/storyName-	rdfs:label-	0.15216974730947075
http://dbkwik.webdatacommons.org/starwars.wikia.com/property/storyName-	skos:altLabel-	0.15216974730947075
http://dbkwik.webdatacommons.org/starwars.wikia.com/property/it-	http://dbkwik.webdatacommons.org/ontology/wikiPageWikiLinkText-	0.8183036797113535
http://dbkwik.webdatacommons.org/starwars.wikia.com/property/it-	http://dbkwik.webdatacommons.org/swtor.wikia.com/property/name-	0.4495001799199349
http://dbkwik.webdatacommons.org/starwars.wikia.com/property/it-	rdfs:label-	0.7491063312912141
http://dbkwik.webdatacommons.org/starwars.wikia.com/property/it-	skos:altLabel-	0.7903903082632501
http://dbkwik.webdatacommons.org/starwars.wikia.com/property/designation	http://dbkwik.webdatacommons.org/ontology/wikiPageWikiLink	0.5187234439398948
http://dbkwik.webdatacommons.org/starwars.wikia.com/property/designation	dc:subject	0.5187234439398948
http://dbkwik.webdatacommons.org/starwars.wikia.com/property/designation-	http://dbkwik.webdatacommons.org/ontology/wikiPageWikiLink-	0.5187234439398948
http://dbkwik.webdatacommons.org/starwars.wikia.com/property/designation-	dc:subject-	0.5187234439398948
http://dbkwik.webdatacommons.org/starwars.wikia.com/property/sr-	http://dbkwik.webdatacommons.org/ontology/wikiPageWikiLinkText-	0.729018159363046
http://dbkwik.webdatacommons.org/starwars.wikia.com/property/sr-	http://dbkwik.webdatacommons.org/swtor.wikia.com/property/name-	0.296492134371807
http://dbkwik.webdatacommons.org/starwars.wikia.com/property/sr-	rdfs:label-	0.6147333183312563
http://dbkwik.webdatacommons.org/starwars.wikia.com/property/sr-	skos:altLabel-	0.6147333183312563
http://dbkwik.webdatacommons.org/starwars.wikia.com/property/destroyed	http://dbkwik.webdatacommons.org/ontology/wikiPageWikiLink	0.20020658503970265
http://dbkwik.webdatacommons.org/starwars.wikia.com/property/hyperdrive-	http://dbkwik.webdatacommons.org/swtor.wikia.com/property/hyperdrive-	0.40292852341340357
http://dbkwik.webdatacommons.org/starwars.wikia.com/property/leader	http://dbkwik.webdatacommons.org/ontology/wikiPageWikiLink	0.5450565359242139
http://dbkwik.webdatacommons.org/starwars.wikia.com/property/leader	http://dbkwik.webdatacommons.org/ontology/wikiPageWikiLink-	0.4646202607385593
http://dbkwik.webdatacommons.org/starwars.wikia.com/property/leader	http://dbkwik.webdatacommons.org/swtor.wikia.com/property/allegiance-	0.15176710757077286
http://dbkwik.webdatacommons.org/starwars.wikia.com/property/leader	http://dbkwik.webdatacommons.org/swtor.wikia.com/property/leader	0.3794908865869458
http://dbkwik.webdatacommons.org/starwars.wikia.com/property/leader-	http://dbkwik.webdatacommons.org/ontology/wikiPageWikiLink	0.46462026073855944
http://dbkwik.webdatacommons.org/starwars.wikia.com/property/leader-	http://dbkwik.webdatacommons.org/ontology/wikiPageWikiLink-	0.545056535924214
http://dbkwik.webdatacommons.org/starwars.wikia.com/property/leader-	http://dbkwik.webdatacommons.org/swtor.wikia.com/property/allegiance	0.15176710757077294
http://dbkwik.webdatacommons.org/starwars.wikia.com/property/leader-	http://dbkwik.webdatacommons.org/swtor.wikia.com/property/leader-	0.37949088658694585
http://dbkwik.webdatacommons.org/starwars.wikia.com/property/organization	http://dbkwik.webdatacommons.org/ontology/wikiPageWikiLink	0.21417223161105536
http://dbkwik.webdatacommons.org/starwars.wikia.com/property/organization	http://dbkwik.webdatacommons.org/ontology/wikiPageWikiLink-	0.1324520418954226
http://dbkwik.webdatacommons.org/starwars.wikia.com/property/organization-	http://dbkwik.webdatacommons.org/ontology/wikiPageWikiLink	0.1324520418954226
http://dbkwik.webdatacommons.org/starwars.wikia.com/property/organization-	http://dbkwik.webdatacommons.org/ontology/wikiPageWikiLink-	0.21417223161105534
http://dbkwik.webdatacommons.org/starwars.wikia.com/property/maxSpeed-	http://dbkwik.webdatacommons.org/swtor.wikia.com/property/speed-	0.5148623157808763
http://dbkwik.webdatacommons.org/starwars.wikia.com/property/hu-	http://dbkwik.webdatacommons.org/ontology/wikiPageWikiLinkText-	0.7894583537255879
http://dbkwik.webdatacommons.org/starwars.wikia.com/property/hu-	http://dbkwik.webdatacommons.org/swtor.wikia.com/property/name-	0.43249019003698097
http://dbkwik.webdatacommons.org/starwars.wikia.com/property/hu-	rdfs:label-	0.783118162441289
http://dbkwik.webdatacommons.org/starwars.wikia.com/property/hu-	skos:altLabel-	0.8124527389777887
http://dbkwik.webdatacommons.org/starwars.wikia.com/property/individuals	http://dbkwik.webdatacommons.org/ontology/wikiPageWikiLink	0.18202339189713584
http://dbkwik.webdatacommons.org/starwars.wikia.com/property/individuals	http://dbkwik.webdatacommons.org/ontology/wikiPageWikiLink-	0.43516925516604055
http://dbkwik.webdatacommons.org/starwars.wikia.com/property/individuals-	http://dbkwik.webdatacommons.org/ontology/wikiPageWikiLink	0.4351692551660405
http://dbkwik.webdatacommons.org/starwars.wikia.com/property/individuals-	http://dbkwik.webdatacommons.org/ontology/wikiPageWikiLink-	0.18202339189713584
http://dbkwik.webdatacommons.org/starwars.wikia.com/property/namedcrew	http://dbkwik.webdatacommons.org/ontology/wikiPageWikiLink	0.5396286680292873
http://dbkwik.webdatacommons.org/starwars.wikia.com/property/namedcrew	http://dbkwik.webdatacommons.org/ontology/wikiPageWikiLink-	0.23810474901578152
http://dbkwik.webdatacommons.org/starwars.wikia.com/property/namedcrew	http://dbkwik.webdatacommons.org/swtor.wikia.com/property/location-	0.13512316582007158
http://dbkwik.webdatacommons.org/starwars.wikia.com/property/namedcrew-	http://dbkwik.webdatacommons.org/ontology/wikiPageWikiLink	0.23443744339966108
http://dbkwik.webdatacommons.org/starwars.wikia.com/property/namedcrew-	http://dbkwik.webdatacommons.org/ontology/wikiPageWikiLink-	0.5313172704067551
http://dbkwik.webdatacommons.org/starwars.wikia.com/property/namedcrew-	http://dbkwik.webdatacommons.org/swtor.wikia.com/property/location	0.13304198958596347
http://dbkwik.webdatacommons.org/starwars.wikia.com/property/fauna	http://dbkwik.webdatacommons.org/ontology/wikiPageWikiLink	0.2565517660486716
http://dbkwik.webdatacommons.org/starwars.wikia.com/property/fauna	http://dbkwik.webdatacommons.org/ontology/wikiPageWikiLink-	0.41764502372363194
http://dbkwik.webdatacommons.org/starwars.wikia.com/property/fauna	http://dbkwik.webdatacommons.org/swtor.wikia.com/property/location-	0.11876150974439593
http://dbkwik.webdatacommons.org/starwars.wikia.com/property/fauna	http://dbkwik.webdatacommons.org/swtor.wikia.com/property/homeworld-	0.1194159825492387
http://dbkwik.webdatacommons.org/starwars.wikia.com/property/fauna-	http://dbkwik.webdatacommons.org/ontology/wikiPageWikiLink	0.4107201589050779
http://dbkwik.webdatacommons.org/starwars.wikia.com/property/fauna-	http://dbkwik.webdatacommons.org/ontology/wikiPageWikiLink-	0.2522979471404306
http://dbkwik.webdatacommons.org/starwars.wikia.com/property/fauna-	http://dbkwik.webdatacommons.org/swtor.wikia.com/property/location	0.11679235566877706
http://dbkwik.webdatacommons.org/starwars.wikia.com/property/fauna-	http://dbkwik.webdatacommons.org/swtor.wikia.com/property/homeworld	0.1174359768282188
http://dbkwik.webdatacommons.org/starwars.wikia.com/property/no-	http://dbkwik.webdatacommons.org/ontology/wikiPageWikiLinkText-	0.769018440876643
http://dbkwik.webdatacommons.org/starwars.wikia.com/property/no-	http://dbkwik.webdatacommons.org/swtor.wikia.com/property/name-	0.21932673437021294
http://dbkwik.webdatacommons.org/starwars.wikia.com/property/no-	rdfs:label-	0.6571335287214145
http://dbkwik.webdatacommons.org/starwars.wikia.com/property/no-	skos:altLabel-	0.6754120679338128
http://dbkwik.webdatacommons.org/starwars.wikia.com/property/sv-	http://dbkwik.webdatacommons.org/ontology/wikiPageWikiLinkText-	0.6724356556281691
http://dbkwik.webdatacommons.org/starwars.wikia.com/property/sv-	http://dbkwik.webdatacommons.org/swtor.wikia.com/property/name-	0.17003379670136254
http://dbkwik.webdatacommons.org/starwars.wikia.com/property/sv-	rdfs:label-	0.5944056806948682
http://dbkwik.webdatacommons.org/starwars.wikia.com/property/sv-	skos:altLabel-	0.612559813542415
http://dbkwik.webdatacommons.org/starwars.wikia.com/property/complement	http://dbkwik.webdatacommons.org/ontology/wikiPageWikiLink	0.41860289998409583
http://dbkwik.webdatacommons.org/starwars.wikia.com/property/complement	http://dbkwik.webdatacommons.org/ontology/wikiPageWikiLink-	0.1932622940953803
http://dbkwik.webdatacommons.org/starwars.wikia.com/property/complement	http://dbkwik.webdatacommons.org/swtor.wikia.com/property/complement	0.24964037527007235
http://dbkwik.webdatacommons.org/starwars.wikia.com/property/complement-	http://dbkwik.webdatacommons.org/ontology/wikiPageWikiLink-	0.18787436316687922
http://dbkwik.webdatacommons.org/starwars.wikia.com/property/complement-	http://dbkwik.webdatacommons.org/swtor.wikia.com/property/complement-	0.1735463866487862
http://dbkwik.webdatacommons.org/starwars.wikia.com/property/apprentices	http://dbkwik.webdatacommons.org/ontology/wikiPageWikiLink	0.3759031710211105
http://dbkwik.webdatacommons.org/starwars.wikia.com/property/apprentices	http://dbkwik.webdatacommons.org/ontology/wikiPageWikiLink-	0.49483162418185567
http://dbkwik.webdatacommons.org/starwars.wikia.com/property/apprentices-	http://dbkwik.webdatacommons.org/ontology/wikiPageWikiLink	0.4899609761966759
http://dbkwik.webdatacommons.org/starwars.wikia.com/property/apprentices-	http://dbkwik.webdatacommons.org/ontology/wikiPageWikiLink-	0.37220314068132815
http://dbkwik.webdatacommons.org/starwars.wikia.com/property/headofstate	http://dbkwik.webdatacommons.org/ontology/wikiPageWikiLink-	0.21714652800666742
http://dbkwik.webdatacommons.org/starwars.wikia.com/property/headofstate-	http://dbkwik.webdatacommons.org/ontology/wikiPageWikiLink	0.21714652800666742
http://dbkwik.webdatacommons.org/starwars.wikia.com/property/culture	http://dbkwik.webdatacommons.org/ontology/wikiPageWikiLink	0.21455811146322779
http://dbkwik.webdatacommons.org/starwars.wikia.com/property/culture-	http://dbkwik.webdatacommons.org/ontology/wikiPageWikiLink-	0.1996032477702999
http://dbkwik.webdatacommons.org/starwars.wikia.com/property/reorganized	http://dbkwik.webdatacommons.org/ontology/wikiPageWikiLink-	0.13349306931187113
http://dbkwik.webdatacommons.org/starwars.wikia.com/property/founder	http://dbkwik.webdatacommons.org/ontology/wikiPageWikiLink	0.30254039218930073
http://dbkwik.webdatacommons.org/starwars.wikia.com/property/founder	http://dbkwik.webdatacommons.org/ontology/wikiPageWikiLink-	0.3670423050032531
http://dbkwik.webdatacommons.org/starwars.wikia.com/property/founder	http://dbkwik.webdatacommons.org/swtor.wikia.com/property/faction-	0.22936232221231903
http://dbkwik.webdatacommons.org/starwars.wikia.com/property/founder	http://dbkwik.webdatacommons.org/swtor.wikia.com/property/leader	0.13393019366582543
http://dbkwik.webdatacommons.org/starwars.wikia.com/property/founder-	http://dbkwik.webdatacommons.org/ontology/wikiPageWikiLink	0.36704230500325313
http://dbkwik.webdatacommons.org/starwars.wikia.com/property/founder-	http://dbkwik.webdatacommons.org/ontology/wikiPageWikiLink-	0.3025403921893008
http://dbkwik.webdatacommons.org/starwars.wikia.com/property/founder-	http://dbkwik.webdatacommons.org/swtor.wikia.com/property/faction	0.22936232221231906
http://dbkwik.webdatacommons.org/starwars.wikia.com/property/founder-	http://dbkwik.webdatacommons.org/swtor.wikia.com/property/leader-	0.13393019366582545
http://dbkwik.webdatacommons.org/starwars.wikia.com/property/parent	http://dbkwik.webdatacommons.org/ontology/wikiPageWikiLink	0.15830567645004054
http://dbkwik.webdatacommons.org/starwars.wikia.com/property/parent-	http://dbkwik.webdatacommons.org/ontology/wikiPageWikiLink-	0.15830567645004054
http://dbkwik.webdatacommons.org/starwars.wikia.com/property/modifier	http://dbkwik.webdatacommons.org/ontology/wikiPageWikiLink	0.14325011151350026
http://dbkwik.webdatacommons.org/starwars.wikia.com/property/modifier-	http://dbkwik.webdatacommons.org/ontology/wikiPageWikiLink-	0.14325011151350026
http://dbkwik.webdatacommons.org/starwars.wikia.com/property/da-	http://dbkwik.webdatacommons.org/ontology/wikiPageWikiLinkText-	0.47251263218008327
http://dbkwik.webdatacommons.org/starwars.wikia.com/property/da-	rdfs:label-	0.346399829081831
http://dbkwik.webdatacommons.org/starwars.wikia.com/property/da-	skos:altLabel-	0.3758794063400527
http://dbkwik.webdatacommons.org/starwars.wikia.com/property/capital	http://dbkwik.webdatacommons.org/ontology/wikiPageWikiLink	0.21186480392790097
http://dbkwik.webdatacommons.org/starwars.wikia.com/property/capital	http://dbkwik.webdatacommons.org/ontology/wikiPageWikiLink-	0.4213780483028263
http://dbkwik.webdatacommons.org/starwars.wikia.com/property/capital	dc:subject-	0.2809409316064421
http://dbkwik.webdatacommons.org/starwars.wikia.com/property/capital	http://dbkwik.webdatacommons.org/swtor.wikia.com/property/capital	0.10872199457284719
http://dbkwik.webdatacommons.org/starwars.wikia.com/property/capital-	http://dbkwik.webdatacommons.org/ontology/wikiPageWikiLink	0.4213780483028263
http://dbkwik.webdatacommons.org/starwars.wikia.com/property/capital-	http://dbkwik.webdatacommons.org/ontology/wikiPageWikiLink-	0.21186480392790097
http://dbkwik.webdatacommons.org/starwars.wikia.com/property/capital-	dc:subject	0.28094093160644207
http://dbkwik.webdatacommons.org/starwars.wikia.com/property/capital-	http://dbkwik.webdatacommons.org/swtor.wikia.com/property/capital-	0.10872199457284719
http://dbkwik.webdatacommons.org/starwars.wikia.com/property/distributor	http://dbkwik.webdatacommons.org/ontology/wikiPageWikiLink	0.200755457668824
http://dbkwik.webdatacommons.org/starwars.wikia.com/property/distributor-	http://dbkwik.webdatacommons.org/ontology/wikiPageWikiLink-	0.200755457668824
http://dbkwik.webdatacommons.org/starwars.wikia.com/property/origin	http://dbkwik.webdatacommons.org/ontology/wikiPageWikiLink	0.1262662445119699
http://dbkwik.webdatacommons.org/starwars.wikia.com/property/origin	http://dbkwik.webdatacommons.org/ontology/wikiPageWikiLink-	0.23434341404486725
http://dbkwik.webdatacommons.org/starwars.wikia.com/property/origin-	http://dbkwik.webdatacommons.org/ontology/wikiPageWikiLink	0.23434341404486722
http://dbkwik.webdatacommons.org/starwars.wikia.com/property/origin-	http://dbkwik.webdatacommons.org/ontology/wikiPageWikiLink-	0.1262662445119699
http://dbkwik.webdatacommons.org/starwars.wikia.com/property/navy	http://dbkwik.webdatacommons.org/ontology/wikiPageWikiLink	0.14750493701231795
http://dbkwik.webdatacommons.org/starwars.wikia.com/property/navy	dc:subject	0.14750493701231795
http://dbkwik.webdatacommons.org/starwars.wikia.com/property/navy-	http://dbkwik.webdatacommons.org/ontology/wikiPageWikiLink-	0.14750493701231795
http://dbkwik.webdatacommons.org/starwars.wikia.com/property/navy-	dc:subject-	0.14750493701231795
http://dbkwik.webdatacommons.org/starwars.wikia.com/property/government	http://dbkwik.webdatacommons.org/ontology/wikiPageWikiLink	0.2959363819293079
http://dbkwik.webdatacommons.org/starwars.wikia.com/property/government	http://dbkwik.webdatacommons.org/ontology/wikiPageWikiLink-	0.1656412305680238
http://dbkwik.webdatacommons.org/starwars.wikia.com/property/government-	http://dbkwik.webdatacommons.org/ontology/wikiPageWikiLink	0.14216817650939131
http://dbkwik.webdatacommons.org/starwars.wikia.com/property/government-	http://dbkwik.webdatacommons.org/ontology/wikiPageWikiLink-	0.2539991742237057
http://dbkwik.webdatacommons.org/starwars.wikia.com/property/subsid	http://dbkwik.webdatacommons.org/ontology/wikiPageWikiLink	0.14020832982793205
http://dbkwik.webdatacommons.org/starwars.wikia.com/property/subsid	http://dbkwik.webdatacommons.org/ontology/wikiPageWikiLink-	0.10625608129778022
http://dbkwik.webdatacommons.org/starwars.wikia.com/property/subsid-	http://dbkwik.webdatacommons.org/ontology/wikiPageWikiLink	0.10625608129778022
http://dbkwik.webdatacommons.org/starwars.wikia.com/property/subsid-	http://dbkwik.webdatacommons.org/ontology/wikiPageWikiLink-	0.14020832982793205
http://dbkwik.webdatacommons.org/starwars.wikia.com/property/starring	http://dbkwik.webdatacommons.org/ontology/wikiPageWikiLink-	0.13371191694524429
http://dbkwik.webdatacommons.org/starwars.wikia.com/property/starring-	http://dbkwik.webdatacommons.org/ontology/wikiPageWikiLink	0.13371191694524429
http://dbkwik.webdatacommons.org/starwars.wikia.com/property/tr-	http://dbkwik.webdatacommons.org/swtor.wikia.com/property/name-	0.32465388220873176
http://dbkwik.webdatacommons.org/starwars.wikia.com/property/tr-	http://dbkwik.webdatacommons.org/ontology/wikiPageWikiLinkText-	0.6773781497325579
http://dbkwik.webdatacommons.org/starwars.wikia.com/property/tr-	rdfs:label-	0.6197394538107731
http://dbkwik.webdatacommons.org/starwars.wikia.com/property/tr-	skos:altLabel-	0.6197394538107731
http://dbkwik.webdatacommons.org/starwars.wikia.com/property/clan	http://dbkwik.webdatacommons.org/ontology/wikiPageWikiLink-	0.16223546939745773
http://dbkwik.webdatacommons.org/starwars.wikia.com/property/clan	http://dbkwik.webdatacommons.org/swtor.wikia.com/property/leader-	0.16223546939745773
http://dbkwik.webdatacommons.org/starwars.wikia.com/property/clan	http://dbkwik.webdatacommons.org/swtor.wikia.com/property/members-	0.16223546939745773
http://dbkwik.webdatacommons.org/starwars.wikia.com/property/clan-	http://dbkwik.webdatacommons.org/ontology/wikiPageWikiLink	0.16223546939745773
http://dbkwik.webdatacommons.org/starwars.wikia.com/property/clan-	http://dbkwik.webdatacommons.org/swtor.wikia.com/property/leader	0.16223546939745773
http://dbkwik.webdatacommons.org/starwars.wikia.com/property/clan-	http://dbkwik.webdatacommons.org/swtor.wikia.com/property/members	0.16223546939745773
http://dbkwik.webdatacommons.org/starwars.wikia.com/property/officers	http://dbkwik.webdatacommons.org/ontology/wikiPageWikiLink-	0.11210014333922474
http://dbkwik.webdatacommons.org/starwars.wikia.com/property/officers	dc:subject-	0.11210014333922474
http://dbkwik.webdatacommons.org/starwars.wikia.com/property/officers-	http://dbkwik.webdatacommons.org/ontology/wikiPageWikiLink	0.11210014333922474
http://dbkwik.webdatacommons.org/starwars.wikia.com/property/officers-	dc:subject	0.11210014333922474
http://dbkwik.webdatacommons.org/starwars.wikia.com/property/races	http://dbkwik.webdatacommons.org/ontology/wikiPageWikiLink-	0.14791239435020068
http://dbkwik.webdatacommons.org/starwars.wikia.com/property/races-	http://dbkwik.webdatacommons.org/ontology/wikiPageWikiLink	0.13125731349022515
http://dbkwik.webdatacommons.org/starwars.wikia.com/property/creator	http://dbkwik.webdatacommons.org/ontology/wikiPageWikiLink	0.12943741424627278
http://dbkwik.webdatacommons.org/starwars.wikia.com/property/creator	http://dbkwik.webdatacommons.org/ontology/wikiPageWikiLink-	0.11581674155455224
http://dbkwik.webdatacommons.org/starwars.wikia.com/property/creator-	http://dbkwik.webdatacommons.org/ontology/wikiPageWikiLink	0.11581674155455224
http://dbkwik.webdatacommons.org/starwars.wikia.com/property/creator-	http://dbkwik.webdatacommons.org/ontology/wikiPageWikiLink-	0.12943741424627278
http://dbkwik.webdatacommons.org/starwars.wikia.com/property/establishedby	http://dbkwik.webdatacommons.org/ontology/wikiPageWikiLink	0.20590336523829433
http://dbkwik.webdatacommons.org/starwars.wikia.com/property/establishedby-	http://dbkwik.webdatacommons.org/ontology/wikiPageWikiLink-	0.20590336523829433
http://dbkwik.webdatacommons.org/starwars.wikia.com/property/deities	http://dbkwik.webdatacommons.org/ontology/wikiPageWikiLink	0.16583179388908775
http://dbkwik.webdatacommons.org/starwars.wikia.com/property/deities	http://dbkwik.webdatacommons.org/ontology/wikiPageWikiLink-	0.16583179388908775
http://dbkwik.webdatacommons.org/starwars.wikia.com/property/deities-	http://dbkwik.webdatacommons.org/ontology/wikiPageWikiLink	0.16583179388908775
http://dbkwik.webdatacommons.org/starwars.wikia.com/property/deities-	http://dbkwik.webdatacommons.org/ontology/wikiPageWikiLink-	0.16583179388908775
http://dbkwik.webdatacommons.org/starwars.wikia.com/property/defacto	http://dbkwik.webdatacommons.org/ontology/wikiPageWikiLink-	0.16661373110218677
http://dbkwik.webdatacommons.org/starwars.wikia.com/property/defacto-	http://dbkwik.webdatacommons.org/ontology/wikiPageWikiLink	0.16661373110218677
http://dbkwik.webdatacommons.org/starwars.wikia.com/property/flagship	http://dbkwik.webdatacommons.org/ontology/wikiPageWikiLink-	0.14181123094649303
http://dbkwik.webdatacommons.org/starwars.wikia.com/property/flagship	dc:subject-	0.14181123094649303
http://dbkwik.webdatacommons.org/starwars.wikia.com/property/flagship-	http://dbkwik.webdatacommons.org/ontology/wikiPageWikiLink	0.14181123094649303
http://dbkwik.webdatacommons.org/starwars.wikia.com/property/flagship-	dc:subject	0.14181123094649303
http://dbkwik.webdatacommons.org/starwars.wikia.com/property/movieName-	http://dbkwik.webdatacommons.org/ontology/wikiPageWikiLinkText-	0.230481749945328
http://dbkwik.webdatacommons.org/starwars.wikia.com/property/ro-	http://dbkwik.webdatacommons.org/ontology/wikiPageWikiLinkText-	0.5590661275992225
http://dbkwik.webdatacommons.org/starwars.wikia.com/property/ro-	http://dbkwik.webdatacommons.org/swtor.wikia.com/property/name-	0.12217266397471087
http://dbkwik.webdatacommons.org/starwars.wikia.com/property/ro-	rdfs:label-	0.4884681971924934
http://dbkwik.webdatacommons.org/starwars.wikia.com/property/ro-	skos:altLabel-	0.4884681971924934
http://dbkwik.webdatacommons.org/starwars.wikia.com/property/id-	http://dbkwik.webdatacommons.org/ontology/wikiPageWikiLinkText-	0.23068061670184636
http://dbkwik.webdatacommons.org/starwars.wikia.com/property/id-	rdfs:label-	0.23068061670184636
http://dbkwik.webdatacommons.org/starwars.wikia.com/property/id-	skos:altLabel-	0.23068061670184636
http://dbkwik.webdatacommons.org/starwars.wikia.com/property/continent	http://dbkwik.webdatacommons.org/ontology/wikiPageWikiLink	0.13819151931875664
http://dbkwik.webdatacommons.org/starwars.wikia.com/property/continent	dc:subject	0.13819151931875664
http://dbkwik.webdatacommons.org/starwars.wikia.com/property/continent-	http://dbkwik.webdatacommons.org/ontology/wikiPageWikiLink-	0.13819151931875664
http://dbkwik.webdatacommons.org/starwars.wikia.com/property/continent-	dc:subject-	0.13819151931875664
http://dbkwik.webdatacommons.org/starwars.wikia.com/property/hr-	http://dbkwik.webdatacommons.org/swtor.wikia.com/property/name-	0.16194232272319925
http://dbkwik.webdatacommons.org/starwars.wikia.com/property/hr-	http://dbkwik.webdatacommons.org/ontology/wikiPageWikiLinkText-	0.4601918500232601
http://dbkwik.webdatacommons.org/starwars.wikia.com/property/hr-	rdfs:label-	0.37734431743124164
http://dbkwik.webdatacommons.org/starwars.wikia.com/property/hr-	skos:altLabel-	0.4310530847546359
