http://dbkwik.webdatacommons.org/ontology/wikiPageWikiLink	http://dbkwik.webdatacommons.org/ontology/wikiPageWikiLink	0.25332722064045415
http://dbkwik.webdatacommons.org/ontology/wikiPageWikiLink	http://dbkwik.webdatacommons.org/ontology/wikiPageWikiLink-	0.12334604959888082
http://dbkwik.webdatacommons.org/ontology/wikiPageWikiLink-	http://dbkwik.webdatacommons.org/ontology/wikiPageWikiLink	0.12334604959888038
http://dbkwik.webdatacommons.org/ontology/wikiPageWikiLink-	http://dbkwik.webdatacommons.org/ontology/wikiPageWikiLink-	0.25332722064045016
http://dbkwik.webdatacommons.org/ontology/wikiPageWikiLinkText-	skos:altLabel-	0.312021325288158
http://dbkwik.webdatacommons.org/ontology/wikiPageWikiLinkText-	rdfs:label-	0.27124617418430635
http://dbkwik.webdatacommons.org/ontology/wikiPageWikiLinkText-	http://dbkwik.webdatacommons.org/ontology/wikiPageWikiLinkText-	0.7331201964468329
rdfs:label-	skos:altLabel-	0.62435463019217
rdfs:label-	rdfs:label-	0.6074888816621978
rdfs:label-	http://dbkwik.webdatacommons.org/ontology/wikiPageWikiLinkText-	0.8770319448488413
dc:subject	http://dbkwik.webdatacommons.org/ontology/wikiPageWikiLink	0.382871582731586
dc:subject	dc:subject	0.37801828992486086
dc:subject-	http://dbkwik.webdatacommons.org/ontology/wikiPageWikiLink-	0.38287158273158517
dc:subject-	dc:subject-	0.37801828992485936
http://dbkwik.webdatacommons.org/memory-alpha.wikia.com/property/aprevreleasedinall	http://dbkwik.webdatacommons.org/ontology/wikiPageWikiLink	0.18749991577827504
http://dbkwik.webdatacommons.org/ontology/thumbnail	http://dbkwik.webdatacommons.org/ontology/wikiPageWikiLink	0.325105009987976
http://dbkwik.webdatacommons.org/ontology/thumbnail	http://dbkwik.webdatacommons.org/ontology/wikiPageWikiLink-	0.5055011215784947
http://dbkwik.webdatacommons.org/ontology/thumbnail-	http://dbkwik.webdatacommons.org/ontology/wikiPageWikiLink	0.5055011215784944
http://dbkwik.webdatacommons.org/ontology/thumbnail-	http://dbkwik.webdatacommons.org/ontology/wikiPageWikiLink-	0.32510500998797576
foaf:depiction	foaf:depiction	0.43169605229939745
foaf:depiction-	foaf:depiction-	0.4316960522993979
skos:altLabel-	skos:altLabel-	0.6186485969038663
skos:altLabel-	rdfs:label-	0.5427104681005579
skos:altLabel-	http://dbkwik.webdatacommons.org/ontology/wikiPageWikiLinkText-	0.83826638065107
http://dbkwik.webdatacommons.org/ontology/wikiPageExternalLink	http://dbkwik.webdatacommons.org/ontology/wikiPageWikiLink	0.5775283683677784
http://dbkwik.webdatacommons.org/ontology/wikiPageExternalLink	dc:subject	0.5775283683677784
http://dbkwik.webdatacommons.org/ontology/wikiPageExternalLink-	http://dbkwik.webdatacommons.org/ontology/wikiPageWikiLink-	0.5775283683677782
http://dbkwik.webdatacommons.org/ontology/wikiPageExternalLink-	dc:subject-	0.5775283683677782
http://dbkwik.webdatacommons.org/memory-alpha.wikia.com/property/aarc0prevpart	http://dbkwik.webdatacommons.org/ontology/wikiPageWikiLink	0.14285704132856095
http://dbkwik.webdatacommons.org/memory-alpha.wikia.com/property/rank	http://dbkwik.webdatacommons.org/ontology/wikiPageWikiLink	0.5087587159312299
http://dbkwik.webdatacommons.org/memory-alpha.wikia.com/property/rank	http://dbkwik.webdatacommons.org/ontology/wikiPageWikiLink-	0.1475692663487005
http://dbkwik.webdatacommons.org/memory-alpha.wikia.com/property/rank	http://dbkwik.webdatacommons.org/memory-beta.wikia.com/property/rank	0.2936634857319792
http://dbkwik.webdatacommons.org/memory-alpha.wikia.com/property/rank-	http://dbkwik.webdatacommons.org/ontology/wikiPageWikiLink	0.14709180197242394
http://dbkwik.webdatacommons.org/memory-alpha.wikia.com/property/rank-	http://dbkwik.webdatacommons.org/ontology/wikiPageWikiLink-	0.5071126132637317
http://dbkwik.webdatacommons.org/memory-alpha.wikia.com/property/rank-	http://dbkwik.webdatacommons.org/memory-beta.wikia.com/property/rank-	0.292713329534015
http://dbkwik.webdatacommons.org/memory-alpha.wikia.com/property/pages-	http://dbkwik.webdatacommons.org/memory-beta.wikia.com/property/pages-	0.3641315950863683
http://dbkwik.webdatacommons.org/memory-alpha.wikia.com/property/affiliation	http://dbkwik.webdatacommons.org/ontology/wikiPageWikiLink	0.5255438516013203
http://dbkwik.webdatacommons.org/memory-alpha.wikia.com/property/affiliation	http://dbkwik.webdatacommons.org/ontology/wikiPageWikiLink-	0.10649503606175308
http://dbkwik.webdatacommons.org/memory-alpha.wikia.com/property/affiliation	http://dbkwik.webdatacommons.org/memory-beta.wikia.com/property/affiliation	0.36443386091823005
http://dbkwik.webdatacommons.org/memory-alpha.wikia.com/property/affiliation-	http://dbkwik.webdatacommons.org/ontology/wikiPageWikiLink	0.10527758326930253
http://dbkwik.webdatacommons.org/memory-alpha.wikia.com/property/affiliation-	http://dbkwik.webdatacommons.org/ontology/wikiPageWikiLink-	0.5195358266890963
http://dbkwik.webdatacommons.org/memory-alpha.wikia.com/property/affiliation-	http://dbkwik.webdatacommons.org/memory-beta.wikia.com/property/affiliation-	0.3602676477495604
http://dbkwik.webdatacommons.org/memory-alpha.wikia.com/property/wsteleplayby	http://dbkwik.webdatacommons.org/ontology/wikiPageWikiLink	0.3348971707187005
http://dbkwik.webdatacommons.org/memory-alpha.wikia.com/property/wsteleplayby	http://dbkwik.webdatacommons.org/ontology/wikiPageWikiLink-	0.1720063307936677
http://dbkwik.webdatacommons.org/memory-alpha.wikia.com/property/wsteleplayby	http://dbkwik.webdatacommons.org/memory-beta.wikia.com/property/teleplay	0.2896908949292839
http://dbkwik.webdatacommons.org/memory-alpha.wikia.com/property/wsteleplayby-	http://dbkwik.webdatacommons.org/ontology/wikiPageWikiLink	0.17200633079366764
http://dbkwik.webdatacommons.org/memory-alpha.wikia.com/property/wsteleplayby-	http://dbkwik.webdatacommons.org/ontology/wikiPageWikiLink-	0.33489717071870045
http://dbkwik.webdatacommons.org/memory-alpha.wikia.com/property/wsteleplayby-	http://dbkwik.webdatacommons.org/memory-beta.wikia.com/property/teleplay-	0.28969089492928385
http://dbkwik.webdatacommons.org/memory-alpha.wikia.com/property/imagecap	http://dbkwik.webdatacommons.org/ontology/wikiPageWikiLink	0.4343700868712468
http://dbkwik.webdatacommons.org/memory-alpha.wikia.com/property/imagecap	http://dbkwik.webdatacommons.org/ontology/wikiPageWikiLink-	0.2595778973429859
http://dbkwik.webdatacommons.org/memory-alpha.wikia.com/property/imagecap-	http://dbkwik.webdatacommons.org/ontology/wikiPageWikiLink-	0.15438176504386825
http://dbkwik.webdatacommons.org/memory-alpha.wikia.com/property/imagecap-	skos:altLabel-	0.2543858882728751
http://dbkwik.webdatacommons.org/memory-alpha.wikia.com/property/imagecap-	rdfs:label-	0.23516565513669654
http://dbkwik.webdatacommons.org/memory-alpha.wikia.com/property/imagecap-	http://dbkwik.webdatacommons.org/ontology/wikiPageWikiLinkText-	0.5268492286774171
http://dbkwik.webdatacommons.org/memory-alpha.wikia.com/property/imagecap-	http://dbkwik.webdatacommons.org/memory-beta.wikia.com/property/characterName-	0.10797634537391135
http://dbkwik.webdatacommons.org/memory-alpha.wikia.com/property/died	http://dbkwik.webdatacommons.org/ontology/wikiPageWikiLink	0.3794811581997119
http://dbkwik.webdatacommons.org/memory-alpha.wikia.com/property/died	http://dbkwik.webdatacommons.org/ontology/wikiPageWikiLink-	0.17073195049745155
http://dbkwik.webdatacommons.org/memory-alpha.wikia.com/property/died-	http://dbkwik.webdatacommons.org/ontology/wikiPageWikiLink-	0.11267497717159679
http://dbkwik.webdatacommons.org/memory-alpha.wikia.com/property/died-	http://dbkwik.webdatacommons.org/memory-beta.wikia.com/property/died-	0.21698719434247682
http://dbkwik.webdatacommons.org/memory-alpha.wikia.com/property/relative	http://dbkwik.webdatacommons.org/ontology/wikiPageWikiLink	0.39070644634251006
http://dbkwik.webdatacommons.org/memory-alpha.wikia.com/property/relative	http://dbkwik.webdatacommons.org/ontology/wikiPageWikiLink-	0.399245499425797
http://dbkwik.webdatacommons.org/memory-alpha.wikia.com/property/relative	http://dbkwik.webdatacommons.org/memory-beta.wikia.com/property/otherRelatives	0.2610560506299283
http://dbkwik.webdatacommons.org/memory-alpha.wikia.com/property/relative	http://dbkwik.webdatacommons.org/memory-beta.wikia.com/property/otherRelatives-	0.23512703836883397
http://dbkwik.webdatacommons.org/memory-alpha.wikia.com/property/relative-	http://dbkwik.webdatacommons.org/ontology/wikiPageWikiLink	0.3958245562779062
http://dbkwik.webdatacommons.org/memory-alpha.wikia.com/property/relative-	http://dbkwik.webdatacommons.org/ontology/wikiPageWikiLink-	0.38735867024390797
http://dbkwik.webdatacommons.org/memory-alpha.wikia.com/property/relative-	http://dbkwik.webdatacommons.org/memory-beta.wikia.com/property/otherRelatives	0.2331123475784592
http://dbkwik.webdatacommons.org/memory-alpha.wikia.com/property/relative-	http://dbkwik.webdatacommons.org/memory-beta.wikia.com/property/otherRelatives-	0.2588191865728449
http://dbkwik.webdatacommons.org/memory-alpha.wikia.com/property/reference-	http://dbkwik.webdatacommons.org/memory-beta.wikia.com/property/isbn-	0.7917965192244705
http://dbkwik.webdatacommons.org/memory-alpha.wikia.com/property/birthName-	skos:altLabel-	0.3387452921320969
http://dbkwik.webdatacommons.org/memory-alpha.wikia.com/property/birthName-	rdfs:label-	0.3387452921320969
http://dbkwik.webdatacommons.org/memory-alpha.wikia.com/property/birthName-	http://dbkwik.webdatacommons.org/ontology/wikiPageWikiLinkText-	0.8064312614115022
http://dbkwik.webdatacommons.org/memory-alpha.wikia.com/property/prev	http://dbkwik.webdatacommons.org/ontology/wikiPageWikiLink	0.7045114548422465
http://dbkwik.webdatacommons.org/memory-alpha.wikia.com/property/prev	http://dbkwik.webdatacommons.org/ontology/wikiPageWikiLink-	0.6677665050997112
http://dbkwik.webdatacommons.org/memory-alpha.wikia.com/property/prev	http://dbkwik.webdatacommons.org/memory-beta.wikia.com/property/before	0.6175061280318512
http://dbkwik.webdatacommons.org/memory-alpha.wikia.com/property/prev	http://dbkwik.webdatacommons.org/memory-beta.wikia.com/property/after-	0.5905896085921641
http://dbkwik.webdatacommons.org/memory-alpha.wikia.com/property/prev-	http://dbkwik.webdatacommons.org/ontology/wikiPageWikiLink	0.5802658715214963
http://dbkwik.webdatacommons.org/memory-alpha.wikia.com/property/prev-	http://dbkwik.webdatacommons.org/ontology/wikiPageWikiLink-	0.6121959550514904
http://dbkwik.webdatacommons.org/memory-alpha.wikia.com/property/prev-	http://dbkwik.webdatacommons.org/memory-beta.wikia.com/property/before-	0.5376616204474526
http://dbkwik.webdatacommons.org/memory-alpha.wikia.com/property/prev-	http://dbkwik.webdatacommons.org/memory-beta.wikia.com/property/after	0.5132018322633591
http://dbkwik.webdatacommons.org/memory-alpha.wikia.com/property/name	http://dbkwik.webdatacommons.org/ontology/wikiPageWikiLink	0.5460397072994462
http://dbkwik.webdatacommons.org/memory-alpha.wikia.com/property/name	http://dbkwik.webdatacommons.org/ontology/wikiPageWikiLink-	0.47765536612680565
http://dbkwik.webdatacommons.org/memory-alpha.wikia.com/property/name	http://dbkwik.webdatacommons.org/memory-beta.wikia.com/property/species	0.19349015748958376
http://dbkwik.webdatacommons.org/memory-alpha.wikia.com/property/name	http://dbkwik.webdatacommons.org/memory-beta.wikia.com/property/planetName	0.13544311070202578
http://dbkwik.webdatacommons.org/memory-alpha.wikia.com/property/name-	skos:altLabel-	0.5930030872833798
http://dbkwik.webdatacommons.org/memory-alpha.wikia.com/property/name-	http://dbkwik.webdatacommons.org/memory-beta.wikia.com/property/name-	0.17581757558084465
http://dbkwik.webdatacommons.org/memory-alpha.wikia.com/property/name-	rdfs:label-	0.5218079375962069
http://dbkwik.webdatacommons.org/memory-alpha.wikia.com/property/name-	http://dbkwik.webdatacommons.org/ontology/wikiPageWikiLinkText-	0.7785211215761805
http://dbkwik.webdatacommons.org/memory-alpha.wikia.com/property/actor	http://dbkwik.webdatacommons.org/ontology/wikiPageWikiLink	0.16541855426561947
http://dbkwik.webdatacommons.org/memory-alpha.wikia.com/property/actor	http://dbkwik.webdatacommons.org/ontology/wikiPageWikiLink-	0.3186962666027593
http://dbkwik.webdatacommons.org/memory-alpha.wikia.com/property/actor-	http://dbkwik.webdatacommons.org/ontology/wikiPageWikiLink	0.3158343296311606
http://dbkwik.webdatacommons.org/memory-alpha.wikia.com/property/actor-	http://dbkwik.webdatacommons.org/ontology/wikiPageWikiLink-	0.16393307255198747
http://dbkwik.webdatacommons.org/memory-alpha.wikia.com/property/wsstoryby	http://dbkwik.webdatacommons.org/ontology/wikiPageWikiLink	0.3584399155721768
http://dbkwik.webdatacommons.org/memory-alpha.wikia.com/property/wsstoryby	http://dbkwik.webdatacommons.org/ontology/wikiPageWikiLink-	0.15609792792933463
http://dbkwik.webdatacommons.org/memory-alpha.wikia.com/property/wsstoryby	http://dbkwik.webdatacommons.org/memory-beta.wikia.com/property/story	0.3121919126832292
http://dbkwik.webdatacommons.org/memory-alpha.wikia.com/property/wsstoryby-	http://dbkwik.webdatacommons.org/ontology/wikiPageWikiLink	0.1560979279293346
http://dbkwik.webdatacommons.org/memory-alpha.wikia.com/property/wsstoryby-	http://dbkwik.webdatacommons.org/ontology/wikiPageWikiLink-	0.35843991557217675
http://dbkwik.webdatacommons.org/memory-alpha.wikia.com/property/wsstoryby-	http://dbkwik.webdatacommons.org/memory-beta.wikia.com/property/story-	0.3121919126832291
http://dbkwik.webdatacommons.org/memory-alpha.wikia.com/property/species	http://dbkwik.webdatacommons.org/ontology/wikiPageWikiLink	0.4571235208862673
http://dbkwik.webdatacommons.org/memory-alpha.wikia.com/property/species	http://dbkwik.webdatacommons.org/memory-beta.wikia.com/property/species	0.31211601140946515
http://dbkwik.webdatacommons.org/memory-alpha.wikia.com/property/species-	http://dbkwik.webdatacommons.org/ontology/wikiPageWikiLink-	0.45156918835937976
http://dbkwik.webdatacommons.org/memory-alpha.wikia.com/property/species-	http://dbkwik.webdatacommons.org/memory-beta.wikia.com/property/species-	0.30832360949811133
http://dbkwik.webdatacommons.org/memory-alpha.wikia.com/property/aprevinuniversetimeline	http://dbkwik.webdatacommons.org/ontology/wikiPageWikiLink	0.17647058823822773
http://dbkwik.webdatacommons.org/ontology/wikiPageDisambiguates	http://dbkwik.webdatacommons.org/ontology/wikiPageWikiLink	0.37209986482107504
http://dbkwik.webdatacommons.org/ontology/wikiPageDisambiguates	http://dbkwik.webdatacommons.org/ontology/wikiPageWikiLink-	0.3007154817965663
http://dbkwik.webdatacommons.org/ontology/wikiPageDisambiguates-	http://dbkwik.webdatacommons.org/ontology/wikiPageWikiLink	0.3007154817965664
http://dbkwik.webdatacommons.org/ontology/wikiPageDisambiguates-	http://dbkwik.webdatacommons.org/ontology/wikiPageWikiLink-	0.3720998648210752
http://dbkwik.webdatacommons.org/memory-alpha.wikia.com/property/commander	http://dbkwik.webdatacommons.org/ontology/wikiPageWikiLink	0.40889465112969164
http://dbkwik.webdatacommons.org/memory-alpha.wikia.com/property/commander	http://dbkwik.webdatacommons.org/memory-beta.wikia.com/property/commander	0.12444215481305469
http://dbkwik.webdatacommons.org/memory-alpha.wikia.com/property/commander	http://dbkwik.webdatacommons.org/ontology/wikiPageWikiLink-	0.2133385349037175
http://dbkwik.webdatacommons.org/memory-alpha.wikia.com/property/commander-	http://dbkwik.webdatacommons.org/ontology/wikiPageWikiLink	0.19286664672099837
http://dbkwik.webdatacommons.org/memory-alpha.wikia.com/property/commander-	http://dbkwik.webdatacommons.org/ontology/wikiPageWikiLink-	0.3696572691901519
http://dbkwik.webdatacommons.org/memory-alpha.wikia.com/property/commander-	http://dbkwik.webdatacommons.org/memory-beta.wikia.com/property/commander-	0.12315352457853318
http://dbkwik.webdatacommons.org/memory-alpha.wikia.com/property/occupation	http://dbkwik.webdatacommons.org/ontology/wikiPageWikiLink	0.31100032324005294
http://dbkwik.webdatacommons.org/memory-alpha.wikia.com/property/occupation	http://dbkwik.webdatacommons.org/ontology/wikiPageWikiLink-	0.10889637833373454
http://dbkwik.webdatacommons.org/memory-alpha.wikia.com/property/occupation-	http://dbkwik.webdatacommons.org/ontology/wikiPageWikiLink	0.1079126931664106
http://dbkwik.webdatacommons.org/memory-alpha.wikia.com/property/occupation-	http://dbkwik.webdatacommons.org/ontology/wikiPageWikiLink-	0.30819098825862123
http://dbkwik.webdatacommons.org/memory-alpha.wikia.com/property/status	http://dbkwik.webdatacommons.org/ontology/wikiPageWikiLink	0.34625678119207354
http://dbkwik.webdatacommons.org/memory-alpha.wikia.com/property/status	http://dbkwik.webdatacommons.org/ontology/wikiPageWikiLink-	0.22909048261827003
http://dbkwik.webdatacommons.org/memory-alpha.wikia.com/property/quadrant	http://dbkwik.webdatacommons.org/ontology/wikiPageWikiLink	0.3652248434281568
http://dbkwik.webdatacommons.org/memory-alpha.wikia.com/property/quadrant-	http://dbkwik.webdatacommons.org/ontology/wikiPageWikiLink-	0.36522484342815675
http://dbkwik.webdatacommons.org/memory-alpha.wikia.com/property/editor	http://dbkwik.webdatacommons.org/ontology/wikiPageWikiLink	0.5282736118581356
http://dbkwik.webdatacommons.org/memory-alpha.wikia.com/property/editor	http://dbkwik.webdatacommons.org/ontology/wikiPageWikiLink-	0.11629346751161912
http://dbkwik.webdatacommons.org/memory-alpha.wikia.com/property/editor	http://dbkwik.webdatacommons.org/memory-beta.wikia.com/property/editor	0.5015810514536839
http://dbkwik.webdatacommons.org/memory-alpha.wikia.com/property/editor-	http://dbkwik.webdatacommons.org/ontology/wikiPageWikiLink	0.1159247578207107
http://dbkwik.webdatacommons.org/memory-alpha.wikia.com/property/editor-	http://dbkwik.webdatacommons.org/ontology/wikiPageWikiLink-	0.5265987146836763
http://dbkwik.webdatacommons.org/memory-alpha.wikia.com/property/editor-	http://dbkwik.webdatacommons.org/memory-beta.wikia.com/property/editor-	0.49999078332939273
http://dbkwik.webdatacommons.org/memory-alpha.wikia.com/property/series	http://dbkwik.webdatacommons.org/ontology/wikiPageWikiLink	0.5010739996463534
http://dbkwik.webdatacommons.org/memory-alpha.wikia.com/property/series	http://dbkwik.webdatacommons.org/ontology/wikiPageWikiLink-	0.7611572265724142
http://dbkwik.webdatacommons.org/memory-alpha.wikia.com/property/series	http://dbkwik.webdatacommons.org/memory-beta.wikia.com/property/miniseries	0.14535843771060078
http://dbkwik.webdatacommons.org/memory-alpha.wikia.com/property/series-	http://dbkwik.webdatacommons.org/ontology/wikiPageWikiLink	0.7308611644513863
http://dbkwik.webdatacommons.org/memory-alpha.wikia.com/property/series-	http://dbkwik.webdatacommons.org/ontology/wikiPageWikiLink-	0.4811299348847562
http://dbkwik.webdatacommons.org/memory-alpha.wikia.com/property/series-	http://dbkwik.webdatacommons.org/memory-beta.wikia.com/property/miniseries-	0.1395727890890581
http://dbkwik.webdatacommons.org/memory-alpha.wikia.com/property/roles	http://dbkwik.webdatacommons.org/ontology/wikiPageWikiLink	0.40227192876538237
http://dbkwik.webdatacommons.org/memory-alpha.wikia.com/property/roles	dc:subject	0.40227192876538237
http://dbkwik.webdatacommons.org/memory-alpha.wikia.com/property/roles-	http://dbkwik.webdatacommons.org/ontology/wikiPageWikiLink-	0.4007595997590875
http://dbkwik.webdatacommons.org/memory-alpha.wikia.com/property/roles-	dc:subject-	0.4007595997590875
http://dbkwik.webdatacommons.org/memory-alpha.wikia.com/property/anextreleasedinseries	http://dbkwik.webdatacommons.org/memory-beta.wikia.com/property/after	0.1578947367102421
http://dbkwik.webdatacommons.org/memory-alpha.wikia.com/property/anextreleasedinseries	http://dbkwik.webdatacommons.org/ontology/wikiPageWikiLink	0.368421052477289
http://dbkwik.webdatacommons.org/memory-alpha.wikia.com/property/anextreleasedinseries	http://dbkwik.webdatacommons.org/ontology/wikiPageWikiLink-	0.26315789472334183
http://dbkwik.webdatacommons.org/memory-alpha.wikia.com/property/publisher	http://dbkwik.webdatacommons.org/ontology/wikiPageWikiLink	0.6545406618591655
http://dbkwik.webdatacommons.org/memory-alpha.wikia.com/property/publisher	http://dbkwik.webdatacommons.org/ontology/wikiPageWikiLink-	0.12326354004869296
http://dbkwik.webdatacommons.org/memory-alpha.wikia.com/property/publisher	http://dbkwik.webdatacommons.org/memory-beta.wikia.com/property/publisher	0.573036143026758
http://dbkwik.webdatacommons.org/memory-alpha.wikia.com/property/publisher-	http://dbkwik.webdatacommons.org/ontology/wikiPageWikiLink	0.1230802015534334
http://dbkwik.webdatacommons.org/memory-alpha.wikia.com/property/publisher-	http://dbkwik.webdatacommons.org/ontology/wikiPageWikiLink-	0.6535671176953033
http://dbkwik.webdatacommons.org/memory-alpha.wikia.com/property/publisher-	http://dbkwik.webdatacommons.org/memory-beta.wikia.com/property/publisher-	0.5726850567741126
http://dbkwik.webdatacommons.org/memory-alpha.wikia.com/property/production-	http://dbkwik.webdatacommons.org/memory-beta.wikia.com/property/number-	0.3955618825938133
http://dbkwik.webdatacommons.org/memory-alpha.wikia.com/property/nseason-	http://dbkwik.webdatacommons.org/memory-beta.wikia.com/property/episode-	0.9815384494680208
http://dbkwik.webdatacommons.org/memory-alpha.wikia.com/property/wsarc0desc	http://dbkwik.webdatacommons.org/ontology/wikiPageWikiLink	0.6894808799579215
http://dbkwik.webdatacommons.org/memory-alpha.wikia.com/property/wsarc0desc	http://dbkwik.webdatacommons.org/ontology/wikiPageWikiLink-	0.5831393343558019
http://dbkwik.webdatacommons.org/memory-alpha.wikia.com/property/wsarc0desc-	http://dbkwik.webdatacommons.org/ontology/wikiPageWikiLink	0.5236069546460576
http://dbkwik.webdatacommons.org/memory-alpha.wikia.com/property/wsarc0desc-	http://dbkwik.webdatacommons.org/ontology/wikiPageWikiLink-	0.6190921492892761
http://dbkwik.webdatacommons.org/memory-alpha.wikia.com/property/characters	http://dbkwik.webdatacommons.org/ontology/wikiPageWikiLink	0.40128056027482123
http://dbkwik.webdatacommons.org/memory-alpha.wikia.com/property/characters	http://dbkwik.webdatacommons.org/ontology/wikiPageWikiLink-	0.19796229121713568
http://dbkwik.webdatacommons.org/memory-alpha.wikia.com/property/characters-	http://dbkwik.webdatacommons.org/ontology/wikiPageWikiLink	0.1979622912171355
http://dbkwik.webdatacommons.org/memory-alpha.wikia.com/property/characters-	http://dbkwik.webdatacommons.org/ontology/wikiPageWikiLink-	0.4012805602748212
http://dbkwik.webdatacommons.org/memory-alpha.wikia.com/property/anextproducedinseries	http://dbkwik.webdatacommons.org/ontology/wikiPageWikiLink	0.2352941174371079
http://dbkwik.webdatacommons.org/memory-alpha.wikia.com/property/anextproducedinseries	http://dbkwik.webdatacommons.org/ontology/wikiPageWikiLink-	0.1764705881819214
http://dbkwik.webdatacommons.org/memory-alpha.wikia.com/property/sibling	http://dbkwik.webdatacommons.org/ontology/wikiPageWikiLink	0.5004717604934136
http://dbkwik.webdatacommons.org/memory-alpha.wikia.com/property/sibling	http://dbkwik.webdatacommons.org/ontology/wikiPageWikiLink-	0.48910212731013974
http://dbkwik.webdatacommons.org/memory-alpha.wikia.com/property/sibling	http://dbkwik.webdatacommons.org/memory-beta.wikia.com/property/sibling(s)_	0.3754235311100279
http://dbkwik.webdatacommons.org/memory-alpha.wikia.com/property/sibling	http://dbkwik.webdatacommons.org/memory-beta.wikia.com/property/sibling(s)_-	0.3469888350333675
http://dbkwik.webdatacommons.org/memory-alpha.wikia.com/property/sibling-	http://dbkwik.webdatacommons.org/ontology/wikiPageWikiLink	0.4836005484366917
http://dbkwik.webdatacommons.org/memory-alpha.wikia.com/property/sibling-	http://dbkwik.webdatacommons.org/ontology/wikiPageWikiLink-	0.4948422923096819
http://dbkwik.webdatacommons.org/memory-alpha.wikia.com/property/sibling-	http://dbkwik.webdatacommons.org/memory-beta.wikia.com/property/sibling(s)_	0.3430857924221227
http://dbkwik.webdatacommons.org/memory-alpha.wikia.com/property/sibling-	http://dbkwik.webdatacommons.org/memory-beta.wikia.com/property/sibling(s)_-	0.37682502859747535
http://dbkwik.webdatacommons.org/memory-alpha.wikia.com/property/type	http://dbkwik.webdatacommons.org/ontology/wikiPageWikiLink	0.6050535863134001
http://dbkwik.webdatacommons.org/memory-alpha.wikia.com/property/type	dc:subject	0.4365450414964021
http://dbkwik.webdatacommons.org/memory-alpha.wikia.com/property/type-	http://dbkwik.webdatacommons.org/ontology/wikiPageWikiLink-	0.5130487737021597
http://dbkwik.webdatacommons.org/memory-alpha.wikia.com/property/type-	dc:subject-	0.3701637396616938
http://dbkwik.webdatacommons.org/memory-alpha.wikia.com/property/stitle	http://dbkwik.webdatacommons.org/ontology/wikiPageWikiLink	0.5304618746630956
http://dbkwik.webdatacommons.org/memory-alpha.wikia.com/property/stitle	http://dbkwik.webdatacommons.org/ontology/wikiPageWikiLink-	0.6163063981509302
http://dbkwik.webdatacommons.org/memory-alpha.wikia.com/property/stitle	http://dbkwik.webdatacommons.org/memory-beta.wikia.com/property/title	0.27899459426514595
http://dbkwik.webdatacommons.org/memory-alpha.wikia.com/property/stitle	http://dbkwik.webdatacommons.org/ontology/wikiPageDisambiguates-	0.1931501044599972
http://dbkwik.webdatacommons.org/memory-alpha.wikia.com/property/stitle-	skos:altLabel-	0.8123300928874474
http://dbkwik.webdatacommons.org/memory-alpha.wikia.com/property/stitle-	rdfs:label-	0.7749817534125553
http://dbkwik.webdatacommons.org/memory-alpha.wikia.com/property/stitle-	http://dbkwik.webdatacommons.org/memory-beta.wikia.com/property/title-	0.8948082542402379
http://dbkwik.webdatacommons.org/memory-alpha.wikia.com/property/stitle-	http://dbkwik.webdatacommons.org/ontology/wikiPageWikiLinkText-	0.896364443868589
http://dbkwik.webdatacommons.org/memory-alpha.wikia.com/property/abreadby	http://dbkwik.webdatacommons.org/ontology/wikiPageWikiLink	0.2866029600559288
http://dbkwik.webdatacommons.org/memory-alpha.wikia.com/property/abreadby	http://dbkwik.webdatacommons.org/ontology/wikiPageWikiLink-	0.3014156869569442
http://dbkwik.webdatacommons.org/memory-alpha.wikia.com/property/abreadby	http://dbkwik.webdatacommons.org/memory-beta.wikia.com/property/narrator	0.1247705306498953
http://dbkwik.webdatacommons.org/memory-alpha.wikia.com/property/abreadby	http://dbkwik.webdatacommons.org/memory-beta.wikia.com/property/author	0.10987256501630176
http://dbkwik.webdatacommons.org/memory-alpha.wikia.com/property/abreadby-	http://dbkwik.webdatacommons.org/ontology/wikiPageWikiLink	0.3014156869569444
http://dbkwik.webdatacommons.org/memory-alpha.wikia.com/property/abreadby-	http://dbkwik.webdatacommons.org/ontology/wikiPageWikiLink-	0.2866029600559289
http://dbkwik.webdatacommons.org/memory-alpha.wikia.com/property/abreadby-	http://dbkwik.webdatacommons.org/memory-beta.wikia.com/property/narrator-	0.12477053064989532
http://dbkwik.webdatacommons.org/memory-alpha.wikia.com/property/abreadby-	http://dbkwik.webdatacommons.org/memory-beta.wikia.com/property/author-	0.10987256501630178
http://dbkwik.webdatacommons.org/memory-alpha.wikia.com/property/strength	http://dbkwik.webdatacommons.org/ontology/wikiPageWikiLink	0.20449098867280935
http://dbkwik.webdatacommons.org/memory-alpha.wikia.com/property/isbn-	http://dbkwik.webdatacommons.org/memory-beta.wikia.com/property/isbn-	0.7495819797301359
http://dbkwik.webdatacommons.org/memory-alpha.wikia.com/property/aprevreleasedinseries	http://dbkwik.webdatacommons.org/memory-beta.wikia.com/property/after-	0.15789475060770886
http://dbkwik.webdatacommons.org/memory-alpha.wikia.com/property/aprevreleasedinseries	http://dbkwik.webdatacommons.org/ontology/wikiPageWikiLink	0.26315783041803303
http://dbkwik.webdatacommons.org/memory-alpha.wikia.com/property/aprevreleasedinseries	http://dbkwik.webdatacommons.org/ontology/wikiPageWikiLink-	0.15789475060770886
http://dbkwik.webdatacommons.org/memory-alpha.wikia.com/property/aprevreleasedinseries	http://dbkwik.webdatacommons.org/memory-beta.wikia.com/property/before	0.10526316707966936
skos:broader	skos:broader	0.6055389631993539
skos:broader-	skos:broader-	0.6055389631993536
http://dbkwik.webdatacommons.org/memory-alpha.wikia.com/property/image-	http://dbkwik.webdatacommons.org/memory-beta.wikia.com/property/altimage-	0.20834620652452662
http://dbkwik.webdatacommons.org/memory-alpha.wikia.com/property/next	http://dbkwik.webdatacommons.org/ontology/wikiPageWikiLink	0.7061018020924389
http://dbkwik.webdatacommons.org/memory-alpha.wikia.com/property/next	http://dbkwik.webdatacommons.org/ontology/wikiPageWikiLink-	0.6705702675628831
http://dbkwik.webdatacommons.org/memory-alpha.wikia.com/property/next	http://dbkwik.webdatacommons.org/memory-beta.wikia.com/property/before-	0.5854787496591757
http://dbkwik.webdatacommons.org/memory-alpha.wikia.com/property/next	http://dbkwik.webdatacommons.org/memory-beta.wikia.com/property/after	0.6277478634930045
http://dbkwik.webdatacommons.org/memory-alpha.wikia.com/property/next-	http://dbkwik.webdatacommons.org/ontology/wikiPageWikiLink	0.5828210057414717
http://dbkwik.webdatacommons.org/memory-alpha.wikia.com/property/next-	http://dbkwik.webdatacommons.org/ontology/wikiPageWikiLink-	0.6137029665019997
http://dbkwik.webdatacommons.org/memory-alpha.wikia.com/property/next-	http://dbkwik.webdatacommons.org/memory-beta.wikia.com/property/before	0.5088643654851892
http://dbkwik.webdatacommons.org/memory-alpha.wikia.com/property/next-	http://dbkwik.webdatacommons.org/memory-beta.wikia.com/property/after-	0.5481838382523595
http://dbkwik.webdatacommons.org/memory-alpha.wikia.com/property/sseries	http://dbkwik.webdatacommons.org/ontology/wikiPageWikiLink	0.48979591664517724
http://dbkwik.webdatacommons.org/memory-alpha.wikia.com/property/sseries	http://dbkwik.webdatacommons.org/ontology/wikiPageWikiLink-	0.14285714335309282
http://dbkwik.webdatacommons.org/memory-alpha.wikia.com/property/sseries	http://dbkwik.webdatacommons.org/memory-beta.wikia.com/property/series	0.2040816299454006
http://dbkwik.webdatacommons.org/memory-alpha.wikia.com/property/sseries-	http://dbkwik.webdatacommons.org/memory-beta.wikia.com/property/series-	0.8863290453420384
http://dbkwik.webdatacommons.org/memory-alpha.wikia.com/property/sseries-	http://dbkwik.webdatacommons.org/memory-beta.wikia.com/property/voyages-	0.25345637201627286
http://dbkwik.webdatacommons.org/memory-alpha.wikia.com/property/writer	http://dbkwik.webdatacommons.org/ontology/wikiPageWikiLink	0.9166902100826463
http://dbkwik.webdatacommons.org/memory-alpha.wikia.com/property/writer	http://dbkwik.webdatacommons.org/ontology/wikiPageWikiLink-	0.5090041348271033
http://dbkwik.webdatacommons.org/memory-alpha.wikia.com/property/writer	http://dbkwik.webdatacommons.org/memory-beta.wikia.com/property/author	0.13659796285219541
http://dbkwik.webdatacommons.org/memory-alpha.wikia.com/property/writer	http://dbkwik.webdatacommons.org/memory-beta.wikia.com/property/writer	0.8468434576503278
http://dbkwik.webdatacommons.org/memory-alpha.wikia.com/property/writer-	http://dbkwik.webdatacommons.org/ontology/wikiPageWikiLink	0.5056618121921199
http://dbkwik.webdatacommons.org/memory-alpha.wikia.com/property/writer-	http://dbkwik.webdatacommons.org/ontology/wikiPageWikiLink-	0.9106708592978682
http://dbkwik.webdatacommons.org/memory-alpha.wikia.com/property/writer-	http://dbkwik.webdatacommons.org/memory-beta.wikia.com/property/author-	0.1357010065567646
http://dbkwik.webdatacommons.org/memory-alpha.wikia.com/property/writer-	http://dbkwik.webdatacommons.org/memory-beta.wikia.com/property/writer-	0.8412827482903662
http://dbkwik.webdatacommons.org/memory-alpha.wikia.com/property/author	http://dbkwik.webdatacommons.org/ontology/wikiPageWikiLink	0.7851024061602474
http://dbkwik.webdatacommons.org/memory-alpha.wikia.com/property/author	http://dbkwik.webdatacommons.org/ontology/wikiPageWikiLink-	0.6482764135144546
http://dbkwik.webdatacommons.org/memory-alpha.wikia.com/property/author	http://dbkwik.webdatacommons.org/memory-beta.wikia.com/property/author	0.7699744010338706
http://dbkwik.webdatacommons.org/memory-alpha.wikia.com/property/author-	http://dbkwik.webdatacommons.org/ontology/wikiPageWikiLink	0.6411632471589225
http://dbkwik.webdatacommons.org/memory-alpha.wikia.com/property/author-	http://dbkwik.webdatacommons.org/ontology/wikiPageWikiLink-	0.7764879264341209
http://dbkwik.webdatacommons.org/memory-alpha.wikia.com/property/author-	http://dbkwik.webdatacommons.org/memory-beta.wikia.com/property/author-	0.7615259122567406
http://dbkwik.webdatacommons.org/memory-alpha.wikia.com/property/artist	http://dbkwik.webdatacommons.org/memory-beta.wikia.com/property/coverArtist	0.13677483599541504
http://dbkwik.webdatacommons.org/memory-alpha.wikia.com/property/artist	http://dbkwik.webdatacommons.org/ontology/wikiPageWikiLink	0.738034502184801
http://dbkwik.webdatacommons.org/memory-alpha.wikia.com/property/artist	http://dbkwik.webdatacommons.org/ontology/wikiPageWikiLink-	0.30544365639427
http://dbkwik.webdatacommons.org/memory-alpha.wikia.com/property/artist	http://dbkwik.webdatacommons.org/memory-beta.wikia.com/property/artist	0.27978270191379795
http://dbkwik.webdatacommons.org/memory-alpha.wikia.com/property/artist	http://dbkwik.webdatacommons.org/memory-beta.wikia.com/property/penciller	0.1658925531443769
http://dbkwik.webdatacommons.org/memory-alpha.wikia.com/property/artist	http://dbkwik.webdatacommons.org/memory-beta.wikia.com/property/inker	0.19088680843993228
http://dbkwik.webdatacommons.org/memory-alpha.wikia.com/property/artist-	http://dbkwik.webdatacommons.org/memory-beta.wikia.com/property/coverArtist-	0.13552707077243956
http://dbkwik.webdatacommons.org/memory-alpha.wikia.com/property/artist-	http://dbkwik.webdatacommons.org/ontology/wikiPageWikiLink	0.30265716449864083
http://dbkwik.webdatacommons.org/memory-alpha.wikia.com/property/artist-	http://dbkwik.webdatacommons.org/ontology/wikiPageWikiLink-	0.7313015839657421
http://dbkwik.webdatacommons.org/memory-alpha.wikia.com/property/artist-	http://dbkwik.webdatacommons.org/memory-beta.wikia.com/property/artist-	0.27723030897618284
http://dbkwik.webdatacommons.org/memory-alpha.wikia.com/property/artist-	http://dbkwik.webdatacommons.org/memory-beta.wikia.com/property/penciller-	0.16437915371634826
http://dbkwik.webdatacommons.org/memory-alpha.wikia.com/property/artist-	http://dbkwik.webdatacommons.org/memory-beta.wikia.com/property/inker-	0.18914539219649307
http://dbkwik.webdatacommons.org/memory-alpha.wikia.com/property/year	http://dbkwik.webdatacommons.org/ontology/wikiPageWikiLink	0.5957702559139322
http://dbkwik.webdatacommons.org/memory-alpha.wikia.com/property/year	http://dbkwik.webdatacommons.org/memory-beta.wikia.com/property/date	0.2979118790388902
http://dbkwik.webdatacommons.org/memory-alpha.wikia.com/property/year-	http://dbkwik.webdatacommons.org/memory-beta.wikia.com/property/date-	0.4024390247478766
http://dbkwik.webdatacommons.org/memory-alpha.wikia.com/property/issue-	http://dbkwik.webdatacommons.org/ontology/wikiPageWikiLinkText-	0.4360865597532384
http://dbkwik.webdatacommons.org/memory-alpha.wikia.com/property/issue-	http://dbkwik.webdatacommons.org/memory-beta.wikia.com/property/number-	0.40195309742010527
http://dbkwik.webdatacommons.org/memory-alpha.wikia.com/property/children	http://dbkwik.webdatacommons.org/ontology/wikiPageWikiLink	0.604914890121389
http://dbkwik.webdatacommons.org/memory-alpha.wikia.com/property/children	http://dbkwik.webdatacommons.org/ontology/wikiPageWikiLink-	0.6252211021878581
http://dbkwik.webdatacommons.org/memory-alpha.wikia.com/property/children	http://dbkwik.webdatacommons.org/memory-beta.wikia.com/property/mother-	0.18670470023754654
http://dbkwik.webdatacommons.org/memory-alpha.wikia.com/property/children	http://dbkwik.webdatacommons.org/memory-beta.wikia.com/property/children	0.44436682332309774
http://dbkwik.webdatacommons.org/memory-alpha.wikia.com/property/children	http://dbkwik.webdatacommons.org/memory-beta.wikia.com/property/father-	0.28380007986107536
http://dbkwik.webdatacommons.org/memory-alpha.wikia.com/property/children-	http://dbkwik.webdatacommons.org/ontology/wikiPageWikiLink	0.5984091353151466
http://dbkwik.webdatacommons.org/memory-alpha.wikia.com/property/children-	http://dbkwik.webdatacommons.org/ontology/wikiPageWikiLink-	0.5789737343638672
http://dbkwik.webdatacommons.org/memory-alpha.wikia.com/property/children-	http://dbkwik.webdatacommons.org/memory-beta.wikia.com/property/mother	0.1786980603141158
http://dbkwik.webdatacommons.org/memory-alpha.wikia.com/property/children-	http://dbkwik.webdatacommons.org/memory-beta.wikia.com/property/children-	0.4288847139379134
http://dbkwik.webdatacommons.org/memory-alpha.wikia.com/property/children-	http://dbkwik.webdatacommons.org/memory-beta.wikia.com/property/father	0.2716296039876909
skos:prefLabel-	skos:prefLabel-	0.9126954874818046
skos:prefLabel-	rdfs:label-	0.9300369497736253
http://dbkwik.webdatacommons.org/memory-alpha.wikia.com/property/active	http://dbkwik.webdatacommons.org/ontology/wikiPageWikiLink	0.25001370112023374
http://dbkwik.webdatacommons.org/memory-alpha.wikia.com/property/active-	http://dbkwik.webdatacommons.org/memory-beta.wikia.com/property/servicePeriod-	0.180559723025356
http://dbkwik.webdatacommons.org/memory-alpha.wikia.com/property/sproductionserialnumber-	http://dbkwik.webdatacommons.org/memory-beta.wikia.com/property/production-	0.7549859210123353
http://dbkwik.webdatacommons.org/memory-alpha.wikia.com/property/actualSpecies	http://dbkwik.webdatacommons.org/ontology/wikiPageWikiLink	0.26540107282033293
http://dbkwik.webdatacommons.org/memory-alpha.wikia.com/property/actualSpecies-	http://dbkwik.webdatacommons.org/ontology/wikiPageWikiLink-	0.24084031634727154
http://dbkwik.webdatacommons.org/memory-alpha.wikia.com/property/nativeSpecies	http://dbkwik.webdatacommons.org/ontology/wikiPageWikiLink	0.5614687630704905
http://dbkwik.webdatacommons.org/memory-alpha.wikia.com/property/nativeSpecies	http://dbkwik.webdatacommons.org/ontology/wikiPageWikiLink-	0.4997468979615939
http://dbkwik.webdatacommons.org/memory-alpha.wikia.com/property/nativeSpecies	http://dbkwik.webdatacommons.org/memory-beta.wikia.com/property/planet-	0.2032833459143321
http://dbkwik.webdatacommons.org/memory-alpha.wikia.com/property/nativeSpecies	http://dbkwik.webdatacommons.org/memory-beta.wikia.com/property/species	0.3307362375137906
http://dbkwik.webdatacommons.org/memory-alpha.wikia.com/property/nativeSpecies-	http://dbkwik.webdatacommons.org/ontology/wikiPageWikiLink	0.4581369857161903
http://dbkwik.webdatacommons.org/memory-alpha.wikia.com/property/nativeSpecies-	http://dbkwik.webdatacommons.org/ontology/wikiPageWikiLink-	0.5147197666181027
http://dbkwik.webdatacommons.org/memory-alpha.wikia.com/property/nativeSpecies-	http://dbkwik.webdatacommons.org/memory-beta.wikia.com/property/planet	0.18635757365051417
http://dbkwik.webdatacommons.org/memory-alpha.wikia.com/property/nativeSpecies-	http://dbkwik.webdatacommons.org/memory-beta.wikia.com/property/species-	0.30319848615313794
http://dbkwik.webdatacommons.org/memory-alpha.wikia.com/property/anextreleasedinall	http://dbkwik.webdatacommons.org/memory-beta.wikia.com/property/after	0.12500000001269324
http://dbkwik.webdatacommons.org/memory-alpha.wikia.com/property/anextreleasedinall	http://dbkwik.webdatacommons.org/ontology/wikiPageWikiLink	0.24999999992684246
http://dbkwik.webdatacommons.org/memory-alpha.wikia.com/property/anextreleasedinall	http://dbkwik.webdatacommons.org/ontology/wikiPageWikiLink-	0.24999999992684246
http://dbkwik.webdatacommons.org/memory-alpha.wikia.com/property/spouse	http://dbkwik.webdatacommons.org/ontology/wikiPageWikiLink	0.5073403599018803
http://dbkwik.webdatacommons.org/memory-alpha.wikia.com/property/spouse	http://dbkwik.webdatacommons.org/ontology/wikiPageWikiLink-	0.47821589181253477
http://dbkwik.webdatacommons.org/memory-alpha.wikia.com/property/spouse	http://dbkwik.webdatacommons.org/memory-beta.wikia.com/property/spouse(s)_	0.3949661225773076
http://dbkwik.webdatacommons.org/memory-alpha.wikia.com/property/spouse	http://dbkwik.webdatacommons.org/memory-beta.wikia.com/property/spouse(s)_-	0.34548722424754785
http://dbkwik.webdatacommons.org/memory-alpha.wikia.com/property/spouse-	http://dbkwik.webdatacommons.org/ontology/wikiPageWikiLink	0.47623355541003626
http://dbkwik.webdatacommons.org/memory-alpha.wikia.com/property/spouse-	http://dbkwik.webdatacommons.org/ontology/wikiPageWikiLink-	0.5052372945686094
http://dbkwik.webdatacommons.org/memory-alpha.wikia.com/property/spouse-	http://dbkwik.webdatacommons.org/memory-beta.wikia.com/property/spouse(s)_	0.34405508467847523
http://dbkwik.webdatacommons.org/memory-alpha.wikia.com/property/spouse-	http://dbkwik.webdatacommons.org/memory-beta.wikia.com/property/spouse(s)_-	0.39332887936572986
http://dbkwik.webdatacommons.org/memory-alpha.wikia.com/property/length-	http://dbkwik.webdatacommons.org/memory-beta.wikia.com/property/length-	0.19149041452565685
http://dbkwik.webdatacommons.org/memory-alpha.wikia.com/property/headOfState	http://dbkwik.webdatacommons.org/ontology/wikiPageWikiLink	0.2727640874263347
http://dbkwik.webdatacommons.org/memory-alpha.wikia.com/property/headOfState	http://dbkwik.webdatacommons.org/ontology/wikiPageWikiLink-	0.2727640874263347
http://dbkwik.webdatacommons.org/memory-alpha.wikia.com/property/headOfState	http://dbkwik.webdatacommons.org/memory-beta.wikia.com/property/headOfState	0.1363820427610073
http://dbkwik.webdatacommons.org/memory-alpha.wikia.com/property/headOfState	http://dbkwik.webdatacommons.org/memory-beta.wikia.com/property/headOfGovernment	0.13638204276114818
http://dbkwik.webdatacommons.org/memory-alpha.wikia.com/property/headOfState-	http://dbkwik.webdatacommons.org/ontology/wikiPageWikiLink	0.2727640874263347
http://dbkwik.webdatacommons.org/memory-alpha.wikia.com/property/headOfState-	http://dbkwik.webdatacommons.org/ontology/wikiPageWikiLink-	0.2727640874263347
http://dbkwik.webdatacommons.org/memory-alpha.wikia.com/property/headOfState-	http://dbkwik.webdatacommons.org/memory-beta.wikia.com/property/headOfState-	0.1363820427610073
http://dbkwik.webdatacommons.org/memory-alpha.wikia.com/property/headOfState-	http://dbkwik.webdatacommons.org/memory-beta.wikia.com/property/headOfGovernment-	0.13638204276114818
http://dbkwik.webdatacommons.org/memory-alpha.wikia.com/property/wsdate	http://dbkwik.webdatacommons.org/ontology/wikiPageWikiLink	0.47999933558931895
http://dbkwik.webdatacommons.org/memory-alpha.wikia.com/property/wsdate	http://dbkwik.webdatacommons.org/memory-beta.wikia.com/property/date	0.23999902896691303
http://dbkwik.webdatacommons.org/memory-alpha.wikia.com/property/wsdate-	http://dbkwik.webdatacommons.org/memory-beta.wikia.com/property/date-	0.31125840153644135
http://dbkwik.webdatacommons.org/memory-alpha.wikia.com/property/wsdate-	http://dbkwik.webdatacommons.org/memory-beta.wikia.com/property/stardate-	0.31456917960527264
http://dbkwik.webdatacommons.org/memory-alpha.wikia.com/property/aprevproducedinseries	http://dbkwik.webdatacommons.org/ontology/wikiPageWikiLink	0.1874999157712441
http://dbkwik.webdatacommons.org/memory-alpha.wikia.com/property/defenses	http://dbkwik.webdatacommons.org/ontology/wikiPageWikiLink	0.5361160862543886
http://dbkwik.webdatacommons.org/memory-alpha.wikia.com/property/defenses	http://dbkwik.webdatacommons.org/ontology/wikiPageWikiLink-	0.1264933422786697
http://dbkwik.webdatacommons.org/memory-alpha.wikia.com/property/defenses	http://dbkwik.webdatacommons.org/memory-beta.wikia.com/property/defences	0.47377373742357143
http://dbkwik.webdatacommons.org/memory-alpha.wikia.com/property/defenses-	http://dbkwik.webdatacommons.org/ontology/wikiPageWikiLink	0.12550114798304665
http://dbkwik.webdatacommons.org/memory-alpha.wikia.com/property/defenses-	http://dbkwik.webdatacommons.org/ontology/wikiPageWikiLink-	0.5319108742409254
http://dbkwik.webdatacommons.org/memory-alpha.wikia.com/property/defenses-	http://dbkwik.webdatacommons.org/memory-beta.wikia.com/property/defences-	0.4700575291930063
http://dbkwik.webdatacommons.org/memory-alpha.wikia.com/property/anextinuniversetimeline	http://dbkwik.webdatacommons.org/memory-beta.wikia.com/property/after	0.12499999982562465
http://dbkwik.webdatacommons.org/memory-alpha.wikia.com/property/anextinuniversetimeline	http://dbkwik.webdatacommons.org/ontology/wikiPageWikiLink	0.3124999998288568
http://dbkwik.webdatacommons.org/memory-alpha.wikia.com/property/anextinuniversetimeline	http://dbkwik.webdatacommons.org/ontology/wikiPageWikiLink-	0.18750000000351005
http://dbkwik.webdatacommons.org/memory-alpha.wikia.com/property/wsdirectedby	http://dbkwik.webdatacommons.org/ontology/wikiPageWikiLink	0.2059143049415756
http://dbkwik.webdatacommons.org/memory-alpha.wikia.com/property/wsdirectedby	http://dbkwik.webdatacommons.org/ontology/wikiPageWikiLink-	0.19738643784883966
http://dbkwik.webdatacommons.org/memory-alpha.wikia.com/property/wsdirectedby	http://dbkwik.webdatacommons.org/memory-beta.wikia.com/property/director	0.19738232652185117
http://dbkwik.webdatacommons.org/memory-alpha.wikia.com/property/wsdirectedby-	http://dbkwik.webdatacommons.org/ontology/wikiPageWikiLink	0.19738643784883966
http://dbkwik.webdatacommons.org/memory-alpha.wikia.com/property/wsdirectedby-	http://dbkwik.webdatacommons.org/ontology/wikiPageWikiLink-	0.20591430494157556
http://dbkwik.webdatacommons.org/memory-alpha.wikia.com/property/wsdirectedby-	http://dbkwik.webdatacommons.org/memory-beta.wikia.com/property/director-	0.19738232652185117
http://dbkwik.webdatacommons.org/memory-alpha.wikia.com/property/mother	http://dbkwik.webdatacommons.org/ontology/wikiPageWikiLink	0.554334841118729
http://dbkwik.webdatacommons.org/memory-alpha.wikia.com/property/mother	http://dbkwik.webdatacommons.org/ontology/wikiPageWikiLink-	0.5087732599711768
http://dbkwik.webdatacommons.org/memory-alpha.wikia.com/property/mother	http://dbkwik.webdatacommons.org/memory-beta.wikia.com/property/mother	0.43282109288650755
http://dbkwik.webdatacommons.org/memory-alpha.wikia.com/property/mother	http://dbkwik.webdatacommons.org/memory-beta.wikia.com/property/children-	0.32649995598898485
http://dbkwik.webdatacommons.org/memory-alpha.wikia.com/property/mother-	http://dbkwik.webdatacommons.org/ontology/wikiPageWikiLink	0.5049378679282996
http://dbkwik.webdatacommons.org/memory-alpha.wikia.com/property/mother-	http://dbkwik.webdatacommons.org/ontology/wikiPageWikiLink-	0.5501559826644997
http://dbkwik.webdatacommons.org/memory-alpha.wikia.com/property/mother-	http://dbkwik.webdatacommons.org/memory-beta.wikia.com/property/children	0.3240386329759184
http://dbkwik.webdatacommons.org/memory-alpha.wikia.com/property/mother-	http://dbkwik.webdatacommons.org/memory-beta.wikia.com/property/mother-	0.4370967764539856
http://dbkwik.webdatacommons.org/memory-alpha.wikia.com/property/dt-	skos:altLabel-	0.6032216307249246
http://dbkwik.webdatacommons.org/memory-alpha.wikia.com/property/dt-	http://dbkwik.webdatacommons.org/memory-beta.wikia.com/property/name-	0.5652663207647769
http://dbkwik.webdatacommons.org/memory-alpha.wikia.com/property/dt-	rdfs:label-	0.4378896446575781
http://dbkwik.webdatacommons.org/memory-alpha.wikia.com/property/dt-	http://dbkwik.webdatacommons.org/ontology/wikiPageWikiLinkText-	0.40418816294292614
http://dbkwik.webdatacommons.org/memory-alpha.wikia.com/property/season-	http://dbkwik.webdatacommons.org/memory-beta.wikia.com/property/episode-	0.9787424736683799
http://dbkwik.webdatacommons.org/memory-alpha.wikia.com/property/wswrittenby	http://dbkwik.webdatacommons.org/ontology/wikiPageWikiLink	0.4678003278356187
http://dbkwik.webdatacommons.org/memory-alpha.wikia.com/property/wswrittenby	http://dbkwik.webdatacommons.org/ontology/wikiPageWikiLink-	0.28905418776109076
http://dbkwik.webdatacommons.org/memory-alpha.wikia.com/property/wswrittenby	http://dbkwik.webdatacommons.org/memory-beta.wikia.com/property/written	0.422167388452384
http://dbkwik.webdatacommons.org/memory-alpha.wikia.com/property/wswrittenby-	http://dbkwik.webdatacommons.org/ontology/wikiPageWikiLink	0.2890541877610907
http://dbkwik.webdatacommons.org/memory-alpha.wikia.com/property/wswrittenby-	http://dbkwik.webdatacommons.org/ontology/wikiPageWikiLink-	0.4678003278356187
http://dbkwik.webdatacommons.org/memory-alpha.wikia.com/property/wswrittenby-	http://dbkwik.webdatacommons.org/memory-beta.wikia.com/property/written-	0.422167388452384
http://dbkwik.webdatacommons.org/memory-alpha.wikia.com/property/combatant	http://dbkwik.webdatacommons.org/ontology/wikiPageWikiLink	0.5793003215953029
http://dbkwik.webdatacommons.org/memory-alpha.wikia.com/property/combatant	http://dbkwik.webdatacommons.org/ontology/wikiPageWikiLink-	0.1406942825387663
http://dbkwik.webdatacommons.org/memory-alpha.wikia.com/property/combatant	http://dbkwik.webdatacommons.org/memory-beta.wikia.com/property/belligerent	0.2813795872690938
http://dbkwik.webdatacommons.org/memory-alpha.wikia.com/property/combatant-	http://dbkwik.webdatacommons.org/ontology/wikiPageWikiLink	0.11506723595156299
http://dbkwik.webdatacommons.org/memory-alpha.wikia.com/property/combatant-	http://dbkwik.webdatacommons.org/ontology/wikiPageWikiLink-	0.4737824848956191
http://dbkwik.webdatacommons.org/memory-alpha.wikia.com/property/combatant-	http://dbkwik.webdatacommons.org/memory-beta.wikia.com/property/belligerent-	0.23012712937588667
http://dbkwik.webdatacommons.org/memory-alpha.wikia.com/property/location	http://dbkwik.webdatacommons.org/ontology/wikiPageWikiLink	0.47463614262677073
http://dbkwik.webdatacommons.org/memory-alpha.wikia.com/property/location	http://dbkwik.webdatacommons.org/ontology/wikiPageWikiLink-	0.2793961424434776
http://dbkwik.webdatacommons.org/memory-alpha.wikia.com/property/location	http://dbkwik.webdatacommons.org/memory-beta.wikia.com/property/location	0.262751293353615
http://dbkwik.webdatacommons.org/memory-alpha.wikia.com/property/location-	http://dbkwik.webdatacommons.org/ontology/wikiPageWikiLink	0.2754539707990989
http://dbkwik.webdatacommons.org/memory-alpha.wikia.com/property/location-	http://dbkwik.webdatacommons.org/ontology/wikiPageWikiLink-	0.46793920999736227
http://dbkwik.webdatacommons.org/memory-alpha.wikia.com/property/location-	http://dbkwik.webdatacommons.org/memory-beta.wikia.com/property/location-	0.2590439741003006
http://dbkwik.webdatacommons.org/memory-alpha.wikia.com/property/issues-	http://dbkwik.webdatacommons.org/memory-beta.wikia.com/property/original-	0.15169393586783333
http://dbkwik.webdatacommons.org/memory-alpha.wikia.com/property/born	http://dbkwik.webdatacommons.org/ontology/wikiPageWikiLink	0.4721558428372924
http://dbkwik.webdatacommons.org/memory-alpha.wikia.com/property/born	http://dbkwik.webdatacommons.org/ontology/wikiPageWikiLink-	0.2689794217791062
http://dbkwik.webdatacommons.org/memory-alpha.wikia.com/property/born	http://dbkwik.webdatacommons.org/memory-beta.wikia.com/property/birthplace	0.18286131051338034
http://dbkwik.webdatacommons.org/memory-alpha.wikia.com/property/born-	http://dbkwik.webdatacommons.org/ontology/wikiPageWikiLink	0.14229792897114785
http://dbkwik.webdatacommons.org/memory-alpha.wikia.com/property/born-	http://dbkwik.webdatacommons.org/ontology/wikiPageWikiLink-	0.24978415873965734
http://dbkwik.webdatacommons.org/memory-alpha.wikia.com/property/born-	http://dbkwik.webdatacommons.org/memory-beta.wikia.com/property/born-	0.18116138460614997
http://dbkwik.webdatacommons.org/memory-alpha.wikia.com/property/stardate-	http://dbkwik.webdatacommons.org/memory-beta.wikia.com/property/stardate-	0.6028536585606326
http://dbkwik.webdatacommons.org/memory-alpha.wikia.com/property/satellites	http://dbkwik.webdatacommons.org/ontology/wikiPageWikiLink	0.4247394149408138
http://dbkwik.webdatacommons.org/memory-alpha.wikia.com/property/satellites	http://dbkwik.webdatacommons.org/ontology/wikiPageWikiLink-	0.40001692730701827
http://dbkwik.webdatacommons.org/memory-alpha.wikia.com/property/satellites	http://dbkwik.webdatacommons.org/memory-beta.wikia.com/property/location-	0.28883763332130347
http://dbkwik.webdatacommons.org/memory-alpha.wikia.com/property/satellites-	http://dbkwik.webdatacommons.org/ontology/wikiPageWikiLink	0.3027705016810317
http://dbkwik.webdatacommons.org/memory-alpha.wikia.com/property/satellites-	http://dbkwik.webdatacommons.org/ontology/wikiPageWikiLink-	0.3214828097677902
http://dbkwik.webdatacommons.org/memory-alpha.wikia.com/property/satellites-	http://dbkwik.webdatacommons.org/memory-beta.wikia.com/property/location	0.218619536262606
http://dbkwik.webdatacommons.org/memory-alpha.wikia.com/property/crew-	http://dbkwik.webdatacommons.org/memory-beta.wikia.com/property/crew-	0.1548356634826292
http://dbkwik.webdatacommons.org/memory-alpha.wikia.com/property/narc0partnumber-	http://dbkwik.webdatacommons.org/memory-beta.wikia.com/property/episode-	0.11864407811244838
http://dbkwik.webdatacommons.org/memory-alpha.wikia.com/property/sairdatemonth	http://dbkwik.webdatacommons.org/ontology/wikiPageWikiLink	0.1666666666616643
http://dbkwik.webdatacommons.org/memory-alpha.wikia.com/property/wsarc1desc	http://dbkwik.webdatacommons.org/ontology/wikiPageWikiLink	0.46341461241038867
http://dbkwik.webdatacommons.org/memory-alpha.wikia.com/property/wsarc1desc	http://dbkwik.webdatacommons.org/ontology/wikiPageWikiLink-	0.5121951021876846
http://dbkwik.webdatacommons.org/memory-alpha.wikia.com/property/wsarc1desc-	http://dbkwik.webdatacommons.org/ontology/wikiPageWikiLink	0.4883720732626862
http://dbkwik.webdatacommons.org/memory-alpha.wikia.com/property/wsarc1desc-	http://dbkwik.webdatacommons.org/ontology/wikiPageWikiLink-	0.44186044356229565
skos:related	skos:broader	0.13249617728160296
skos:related	skos:broader-	0.1139822766829191
skos:related	skos:related	0.15457801933840426
skos:related-	skos:broader	0.1139822766829191
skos:related-	skos:broader-	0.13249617728160296
skos:related-	skos:related-	0.1545780193384043
http://dbkwik.webdatacommons.org/memory-alpha.wikia.com/property/armament	http://dbkwik.webdatacommons.org/ontology/wikiPageWikiLink	0.3590464172778483
http://dbkwik.webdatacommons.org/memory-alpha.wikia.com/property/armament	http://dbkwik.webdatacommons.org/memory-beta.wikia.com/property/armaments	0.1431031528564793
http://dbkwik.webdatacommons.org/memory-alpha.wikia.com/property/armament-	http://dbkwik.webdatacommons.org/ontology/wikiPageWikiLink-	0.2782983054208207
http://dbkwik.webdatacommons.org/memory-alpha.wikia.com/property/armament-	http://dbkwik.webdatacommons.org/memory-beta.wikia.com/property/armaments-	0.16912278359775998
http://dbkwik.webdatacommons.org/memory-alpha.wikia.com/property/aself	http://dbkwik.webdatacommons.org/ontology/wikiPageWikiLink	0.5304618746630956
http://dbkwik.webdatacommons.org/memory-alpha.wikia.com/property/aself	http://dbkwik.webdatacommons.org/ontology/wikiPageWikiLink-	0.6163063981509302
http://dbkwik.webdatacommons.org/memory-alpha.wikia.com/property/aself	http://dbkwik.webdatacommons.org/memory-beta.wikia.com/property/title	0.27899459426514595
http://dbkwik.webdatacommons.org/memory-alpha.wikia.com/property/aself	http://dbkwik.webdatacommons.org/ontology/wikiPageDisambiguates-	0.1931501044599972
http://dbkwik.webdatacommons.org/memory-alpha.wikia.com/property/aself-	skos:altLabel-	0.8117441698380347
http://dbkwik.webdatacommons.org/memory-alpha.wikia.com/property/aself-	rdfs:label-	0.7742792253448296
http://dbkwik.webdatacommons.org/memory-alpha.wikia.com/property/aself-	http://dbkwik.webdatacommons.org/memory-beta.wikia.com/property/title-	0.894479835745249
http://dbkwik.webdatacommons.org/memory-alpha.wikia.com/property/aself-	http://dbkwik.webdatacommons.org/ontology/wikiPageWikiLinkText-	0.8960408839435572
http://dbkwik.webdatacommons.org/memory-alpha.wikia.com/property/class	http://dbkwik.webdatacommons.org/ontology/wikiPageWikiLink	0.4247732909209342
http://dbkwik.webdatacommons.org/memory-alpha.wikia.com/property/class	http://dbkwik.webdatacommons.org/ontology/wikiPageWikiLink-	0.16377269697841015
http://dbkwik.webdatacommons.org/memory-alpha.wikia.com/property/class	http://dbkwik.webdatacommons.org/memory-beta.wikia.com/property/class	0.11658203873586223
http://dbkwik.webdatacommons.org/memory-alpha.wikia.com/property/class-	http://dbkwik.webdatacommons.org/ontology/wikiPageWikiLink	0.16175168343856783
http://dbkwik.webdatacommons.org/memory-alpha.wikia.com/property/class-	http://dbkwik.webdatacommons.org/ontology/wikiPageWikiLink-	0.41953143688693867
http://dbkwik.webdatacommons.org/memory-alpha.wikia.com/property/class-	http://dbkwik.webdatacommons.org/memory-beta.wikia.com/property/class-	0.11514337476357227
http://dbkwik.webdatacommons.org/memory-alpha.wikia.com/property/planets	http://dbkwik.webdatacommons.org/ontology/wikiPageWikiLink	0.5225305229361441
http://dbkwik.webdatacommons.org/memory-alpha.wikia.com/property/planets	http://dbkwik.webdatacommons.org/ontology/wikiPageWikiLink-	0.46228212361612264
http://dbkwik.webdatacommons.org/memory-alpha.wikia.com/property/planets	http://dbkwik.webdatacommons.org/memory-beta.wikia.com/property/location-	0.3416806992428196
http://dbkwik.webdatacommons.org/memory-alpha.wikia.com/property/planets-	http://dbkwik.webdatacommons.org/ontology/wikiPageWikiLink	0.44441633526904256
http://dbkwik.webdatacommons.org/memory-alpha.wikia.com/property/planets-	http://dbkwik.webdatacommons.org/ontology/wikiPageWikiLink-	0.5023363184649837
http://dbkwik.webdatacommons.org/memory-alpha.wikia.com/property/planets-	http://dbkwik.webdatacommons.org/memory-beta.wikia.com/property/location	0.3284757866080762
http://dbkwik.webdatacommons.org/memory-alpha.wikia.com/property/orbitalcap	http://dbkwik.webdatacommons.org/ontology/wikiPageWikiLink	0.1333597323539978
http://dbkwik.webdatacommons.org/memory-alpha.wikia.com/property/orbitalcap	http://dbkwik.webdatacommons.org/ontology/wikiPageWikiLink-	0.20003959918769937
http://dbkwik.webdatacommons.org/memory-alpha.wikia.com/property/orbitalcap	http://dbkwik.webdatacommons.org/memory-beta.wikia.com/property/planetName	0.1333597323539978
http://dbkwik.webdatacommons.org/memory-alpha.wikia.com/property/orbitalcap	http://dbkwik.webdatacommons.org/memory-beta.wikia.com/property/species	0.1333597323539978
http://dbkwik.webdatacommons.org/memory-alpha.wikia.com/property/orbitalcap-	skos:altLabel-	0.5224244277826923
http://dbkwik.webdatacommons.org/memory-alpha.wikia.com/property/orbitalcap-	rdfs:label-	0.5224244277826923
http://dbkwik.webdatacommons.org/memory-alpha.wikia.com/property/orbitalcap-	http://dbkwik.webdatacommons.org/memory-beta.wikia.com/property/planetName-	0.29852824415306384
http://dbkwik.webdatacommons.org/memory-alpha.wikia.com/property/orbitalcap-	http://dbkwik.webdatacommons.org/ontology/wikiPageWikiLinkText-	0.7612217276727954
http://dbkwik.webdatacommons.org/memory-alpha.wikia.com/property/last	http://dbkwik.webdatacommons.org/memory-beta.wikia.com/property/after-	0.6315424802195329
http://dbkwik.webdatacommons.org/memory-alpha.wikia.com/property/last	http://dbkwik.webdatacommons.org/ontology/wikiPageWikiLink	0.6315424802195329
http://dbkwik.webdatacommons.org/memory-alpha.wikia.com/property/last	http://dbkwik.webdatacommons.org/ontology/wikiPageWikiLink-	0.6315424802195329
http://dbkwik.webdatacommons.org/memory-alpha.wikia.com/property/last	http://dbkwik.webdatacommons.org/memory-beta.wikia.com/property/before	0.6315424802195329
http://dbkwik.webdatacommons.org/memory-alpha.wikia.com/property/last-	http://dbkwik.webdatacommons.org/memory-beta.wikia.com/property/after	0.6315424802195329
http://dbkwik.webdatacommons.org/memory-alpha.wikia.com/property/last-	http://dbkwik.webdatacommons.org/ontology/wikiPageWikiLink	0.6315424802195329
http://dbkwik.webdatacommons.org/memory-alpha.wikia.com/property/last-	http://dbkwik.webdatacommons.org/ontology/wikiPageWikiLink-	0.6315424802195329
http://dbkwik.webdatacommons.org/memory-alpha.wikia.com/property/last-	http://dbkwik.webdatacommons.org/memory-beta.wikia.com/property/before-	0.6315424802195329
http://dbkwik.webdatacommons.org/memory-alpha.wikia.com/property/title-	skos:altLabel-	0.6041728491034404
http://dbkwik.webdatacommons.org/memory-alpha.wikia.com/property/title-	http://dbkwik.webdatacommons.org/ontology/wikiPageWikiLinkText-	0.5474854383478326
http://dbkwik.webdatacommons.org/memory-alpha.wikia.com/property/planet	http://dbkwik.webdatacommons.org/ontology/wikiPageWikiLink	0.467787280829627
http://dbkwik.webdatacommons.org/memory-alpha.wikia.com/property/planet	http://dbkwik.webdatacommons.org/ontology/wikiPageWikiLink-	0.4417411461367281
http://dbkwik.webdatacommons.org/memory-alpha.wikia.com/property/planet	http://dbkwik.webdatacommons.org/memory-beta.wikia.com/property/planet	0.1734148712232366
http://dbkwik.webdatacommons.org/memory-alpha.wikia.com/property/planet	http://dbkwik.webdatacommons.org/memory-beta.wikia.com/property/species-	0.2619564583729115
http://dbkwik.webdatacommons.org/memory-alpha.wikia.com/property/planet-	http://dbkwik.webdatacommons.org/ontology/wikiPageWikiLink	0.4364603418781328
http://dbkwik.webdatacommons.org/memory-alpha.wikia.com/property/planet-	http://dbkwik.webdatacommons.org/ontology/wikiPageWikiLink-	0.4621951074803116
http://dbkwik.webdatacommons.org/memory-alpha.wikia.com/property/planet-	http://dbkwik.webdatacommons.org/memory-beta.wikia.com/property/planet-	0.17134177932661718
http://dbkwik.webdatacommons.org/memory-alpha.wikia.com/property/planet-	http://dbkwik.webdatacommons.org/memory-beta.wikia.com/property/species	0.2588248941230328
http://dbkwik.webdatacommons.org/memory-alpha.wikia.com/property/holoprogram	http://dbkwik.webdatacommons.org/ontology/wikiPageWikiLink	0.12173038100704228
http://dbkwik.webdatacommons.org/memory-alpha.wikia.com/property/holoprogram-	http://dbkwik.webdatacommons.org/ontology/wikiPageWikiLink-	0.12010673791575083
http://dbkwik.webdatacommons.org/memory-alpha.wikia.com/property/operator	http://dbkwik.webdatacommons.org/ontology/wikiPageWikiLink	0.6122047121727775
http://dbkwik.webdatacommons.org/memory-alpha.wikia.com/property/operator	http://dbkwik.webdatacommons.org/memory-beta.wikia.com/property/affiliation	0.5517772061944173
http://dbkwik.webdatacommons.org/memory-alpha.wikia.com/property/operator-	http://dbkwik.webdatacommons.org/ontology/wikiPageWikiLink-	0.6081661885406734
http://dbkwik.webdatacommons.org/memory-alpha.wikia.com/property/operator-	http://dbkwik.webdatacommons.org/memory-beta.wikia.com/property/affiliation-	0.549786830155039
http://dbkwik.webdatacommons.org/memory-alpha.wikia.com/property/losses	http://dbkwik.webdatacommons.org/ontology/wikiPageWikiLink	0.18909515706113028
http://dbkwik.webdatacommons.org/memory-alpha.wikia.com/property/losses-	http://dbkwik.webdatacommons.org/memory-beta.wikia.com/property/casualties-	0.12461250401306828
http://dbkwik.webdatacommons.org/memory-alpha.wikia.com/property/serialNumber-	http://dbkwik.webdatacommons.org/memory-beta.wikia.com/property/serialNumber-	0.1540182843344392
http://dbkwik.webdatacommons.org/memory-alpha.wikia.com/property/speed	http://dbkwik.webdatacommons.org/ontology/wikiPageWikiLink	0.4874364401042872
http://dbkwik.webdatacommons.org/memory-alpha.wikia.com/property/speed	http://dbkwik.webdatacommons.org/memory-beta.wikia.com/property/cruspeed	0.12335431153725868
http://dbkwik.webdatacommons.org/memory-alpha.wikia.com/property/speed	http://dbkwik.webdatacommons.org/memory-beta.wikia.com/property/maxspeed	0.17269586705528855
http://dbkwik.webdatacommons.org/memory-alpha.wikia.com/property/speed	http://dbkwik.webdatacommons.org/memory-beta.wikia.com/property/speed	0.18056338020289664
http://dbkwik.webdatacommons.org/memory-alpha.wikia.com/property/speed-	http://dbkwik.webdatacommons.org/ontology/wikiPageWikiLink-	0.4499075190651388
http://dbkwik.webdatacommons.org/memory-alpha.wikia.com/property/speed-	http://dbkwik.webdatacommons.org/memory-beta.wikia.com/property/cruspeed-	0.1138569620643103
http://dbkwik.webdatacommons.org/memory-alpha.wikia.com/property/speed-	http://dbkwik.webdatacommons.org/memory-beta.wikia.com/property/speed-	0.16666136492322975
http://dbkwik.webdatacommons.org/memory-alpha.wikia.com/property/speed-	http://dbkwik.webdatacommons.org/memory-beta.wikia.com/property/maxspeed-	0.15939959081234173
http://dbkwik.webdatacommons.org/memory-alpha.wikia.com/property/aarc0nextpart	http://dbkwik.webdatacommons.org/ontology/wikiPageWikiLink	0.13333333324563512
http://dbkwik.webdatacommons.org/memory-alpha.wikia.com/property/aarc0nextpart	http://dbkwik.webdatacommons.org/ontology/wikiPageWikiLink-	0.19999999989870967
http://dbkwik.webdatacommons.org/memory-alpha.wikia.com/property/aarc0nextpart-	skos:altLabel-	0.1397058879965917
http://dbkwik.webdatacommons.org/memory-alpha.wikia.com/property/aarc0nextpart-	http://dbkwik.webdatacommons.org/ontology/wikiPageWikiLinkText-	0.10294118011407268
http://dbkwik.webdatacommons.org/memory-alpha.wikia.com/property/father	http://dbkwik.webdatacommons.org/ontology/wikiPageWikiLink	0.5701301747174601
http://dbkwik.webdatacommons.org/memory-alpha.wikia.com/property/father	http://dbkwik.webdatacommons.org/ontology/wikiPageWikiLink-	0.5084926916486777
http://dbkwik.webdatacommons.org/memory-alpha.wikia.com/property/father	http://dbkwik.webdatacommons.org/memory-beta.wikia.com/property/children-	0.37490898980550785
http://dbkwik.webdatacommons.org/memory-alpha.wikia.com/property/father	http://dbkwik.webdatacommons.org/memory-beta.wikia.com/property/father	0.4623297668468911
http://dbkwik.webdatacommons.org/memory-alpha.wikia.com/property/father-	http://dbkwik.webdatacommons.org/ontology/wikiPageWikiLink	0.5058932767243833
http://dbkwik.webdatacommons.org/memory-alpha.wikia.com/property/father-	http://dbkwik.webdatacommons.org/ontology/wikiPageWikiLink-	0.567215668945222
http://dbkwik.webdatacommons.org/memory-alpha.wikia.com/property/father-	http://dbkwik.webdatacommons.org/memory-beta.wikia.com/property/children	0.3729924548397982
http://dbkwik.webdatacommons.org/memory-alpha.wikia.com/property/father-	http://dbkwik.webdatacommons.org/memory-beta.wikia.com/property/father-	0.4650783373796858
http://dbkwik.webdatacommons.org/memory-alpha.wikia.com/property/language	http://dbkwik.webdatacommons.org/ontology/wikiPageWikiLink	0.33330470858200656
http://dbkwik.webdatacommons.org/memory-alpha.wikia.com/property/language	http://dbkwik.webdatacommons.org/ontology/wikiPageWikiLink-	0.3333476457067788
http://dbkwik.webdatacommons.org/memory-alpha.wikia.com/property/language	http://dbkwik.webdatacommons.org/memory-beta.wikia.com/property/language	0.16663088572770704
http://dbkwik.webdatacommons.org/memory-alpha.wikia.com/property/language-	http://dbkwik.webdatacommons.org/ontology/wikiPageWikiLink	0.3034806624810728
http://dbkwik.webdatacommons.org/memory-alpha.wikia.com/property/language-	http://dbkwik.webdatacommons.org/ontology/wikiPageWikiLink-	0.3034415723982757
http://dbkwik.webdatacommons.org/memory-alpha.wikia.com/property/language-	http://dbkwik.webdatacommons.org/memory-beta.wikia.com/property/language-	0.1517012411569107
http://dbkwik.webdatacommons.org/memory-alpha.wikia.com/property/image2cap	http://dbkwik.webdatacommons.org/ontology/wikiPageWikiLink	0.26666666666645433
http://dbkwik.webdatacommons.org/memory-alpha.wikia.com/property/image2cap	http://dbkwik.webdatacommons.org/memory-beta.wikia.com/property/office	0.13333333333336175
http://dbkwik.webdatacommons.org/memory-alpha.wikia.com/property/image2cap	http://dbkwik.webdatacommons.org/ontology/wikiPageWikiLink-	0.13333333333336175
http://dbkwik.webdatacommons.org/memory-alpha.wikia.com/property/image2cap-	http://dbkwik.webdatacommons.org/ontology/wikiPageWikiLink	0.13333333333336175
http://dbkwik.webdatacommons.org/memory-alpha.wikia.com/property/image2cap-	http://dbkwik.webdatacommons.org/ontology/wikiPageWikiLink-	0.26666666666645433
http://dbkwik.webdatacommons.org/memory-alpha.wikia.com/property/image2cap-	http://dbkwik.webdatacommons.org/memory-beta.wikia.com/property/office-	0.13333333333336175
http://dbkwik.webdatacommons.org/memory-alpha.wikia.com/property/result	http://dbkwik.webdatacommons.org/ontology/wikiPageWikiLink	0.5279536662081652
http://dbkwik.webdatacommons.org/memory-alpha.wikia.com/property/result	http://dbkwik.webdatacommons.org/ontology/wikiPageWikiLink-	0.22481105065630283
http://dbkwik.webdatacommons.org/memory-alpha.wikia.com/property/result	http://dbkwik.webdatacommons.org/memory-beta.wikia.com/property/result	0.11901761505436136
http://dbkwik.webdatacommons.org/memory-alpha.wikia.com/property/result	http://dbkwik.webdatacommons.org/memory-beta.wikia.com/property/belligerent	0.15769189649600915
http://dbkwik.webdatacommons.org/memory-alpha.wikia.com/property/result-	http://dbkwik.webdatacommons.org/ontology/wikiPageWikiLink	0.19646040742962367
http://dbkwik.webdatacommons.org/memory-alpha.wikia.com/property/result-	http://dbkwik.webdatacommons.org/ontology/wikiPageWikiLink-	0.46137408309964556
http://dbkwik.webdatacommons.org/memory-alpha.wikia.com/property/result-	http://dbkwik.webdatacommons.org/memory-beta.wikia.com/property/belligerent-	0.13780556669039984
http://dbkwik.webdatacommons.org/memory-alpha.wikia.com/property/result-	http://dbkwik.webdatacommons.org/memory-beta.wikia.com/property/result-	0.13867793465739875
http://dbkwik.webdatacommons.org/memory-alpha.wikia.com/property/conflictName-	skos:altLabel-	0.5789968656372325
http://dbkwik.webdatacommons.org/memory-alpha.wikia.com/property/conflictName-	rdfs:label-	0.5439061488688497
http://dbkwik.webdatacommons.org/memory-alpha.wikia.com/property/conflictName-	http://dbkwik.webdatacommons.org/memory-beta.wikia.com/property/conflictName-	0.3333618331777946
http://dbkwik.webdatacommons.org/memory-alpha.wikia.com/property/conflictName-	http://dbkwik.webdatacommons.org/ontology/wikiPageWikiLinkText-	0.7719187940119439
http://dbkwik.webdatacommons.org/memory-alpha.wikia.com/property/sd-	http://dbkwik.webdatacommons.org/ontology/wikiPageWikiLinkText-	0.13333333333333106
http://dbkwik.webdatacommons.org/memory-alpha.wikia.com/property/military	http://dbkwik.webdatacommons.org/ontology/wikiPageWikiLink	0.33370441932088546
http://dbkwik.webdatacommons.org/memory-alpha.wikia.com/property/military	http://dbkwik.webdatacommons.org/ontology/wikiPageWikiLink-	0.3337044193207945
http://dbkwik.webdatacommons.org/memory-alpha.wikia.com/property/military	http://dbkwik.webdatacommons.org/memory-beta.wikia.com/property/allegiance-	0.2502783145455869
http://dbkwik.webdatacommons.org/memory-alpha.wikia.com/property/military	http://dbkwik.webdatacommons.org/memory-beta.wikia.com/property/military	0.12513915727210653
http://dbkwik.webdatacommons.org/memory-alpha.wikia.com/property/military-	http://dbkwik.webdatacommons.org/ontology/wikiPageWikiLink	0.3203419776147738
http://dbkwik.webdatacommons.org/memory-alpha.wikia.com/property/military-	http://dbkwik.webdatacommons.org/ontology/wikiPageWikiLink-	0.3203419776148611
http://dbkwik.webdatacommons.org/memory-alpha.wikia.com/property/military-	http://dbkwik.webdatacommons.org/memory-beta.wikia.com/property/allegiance	0.24025648326386936
http://dbkwik.webdatacommons.org/memory-alpha.wikia.com/property/military-	http://dbkwik.webdatacommons.org/memory-beta.wikia.com/property/military-	0.12012824163127529
http://dbkwik.webdatacommons.org/memory-alpha.wikia.com/property/anum-	http://dbkwik.webdatacommons.org/memory-beta.wikia.com/property/number-	0.3364043904153046
http://dbkwik.webdatacommons.org/memory-alpha.wikia.com/property/creator	http://dbkwik.webdatacommons.org/ontology/wikiPageWikiLink	0.17109231382383946
http://dbkwik.webdatacommons.org/memory-alpha.wikia.com/property/creator	http://dbkwik.webdatacommons.org/ontology/wikiPageWikiLink-	0.11119974387701557
http://dbkwik.webdatacommons.org/memory-alpha.wikia.com/property/creator-	http://dbkwik.webdatacommons.org/ontology/wikiPageWikiLink	0.11119974387701555
http://dbkwik.webdatacommons.org/memory-alpha.wikia.com/property/creator-	http://dbkwik.webdatacommons.org/ontology/wikiPageWikiLink-	0.17109231382383944
http://dbkwik.webdatacommons.org/memory-alpha.wikia.com/property/from	http://dbkwik.webdatacommons.org/ontology/wikiPageWikiLink	0.127815334953128
http://dbkwik.webdatacommons.org/memory-alpha.wikia.com/property/from	http://dbkwik.webdatacommons.org/ontology/wikiPageWikiLink-	0.1490745827804597
http://dbkwik.webdatacommons.org/memory-alpha.wikia.com/property/from-	http://dbkwik.webdatacommons.org/ontology/wikiPageWikiLink	0.1490745827804597
http://dbkwik.webdatacommons.org/memory-alpha.wikia.com/property/from-	http://dbkwik.webdatacommons.org/ontology/wikiPageWikiLink-	0.127815334953128
http://dbkwik.webdatacommons.org/memory-alpha.wikia.com/property/owner	http://dbkwik.webdatacommons.org/ontology/wikiPageWikiLink	0.5797202152852782
http://dbkwik.webdatacommons.org/memory-alpha.wikia.com/property/owner	http://dbkwik.webdatacommons.org/memory-beta.wikia.com/property/affiliation	0.4281170186305207
http://dbkwik.webdatacommons.org/memory-alpha.wikia.com/property/owner-	http://dbkwik.webdatacommons.org/ontology/wikiPageWikiLink-	0.5773902471577569
http://dbkwik.webdatacommons.org/memory-alpha.wikia.com/property/owner-	http://dbkwik.webdatacommons.org/memory-beta.wikia.com/property/affiliation-	0.4263963627314199
http://dbkwik.webdatacommons.org/memory-alpha.wikia.com/property/decks-	http://dbkwik.webdatacommons.org/memory-beta.wikia.com/property/decks-	0.21875380325857136
http://dbkwik.webdatacommons.org/memory-alpha.wikia.com/property/headOfGovernment	http://dbkwik.webdatacommons.org/ontology/wikiPageWikiLink	0.3500032292108578
http://dbkwik.webdatacommons.org/memory-alpha.wikia.com/property/headOfGovernment	http://dbkwik.webdatacommons.org/ontology/wikiPageWikiLink-	0.3500032292108578
http://dbkwik.webdatacommons.org/memory-alpha.wikia.com/property/headOfGovernment	http://dbkwik.webdatacommons.org/memory-beta.wikia.com/property/headOfState	0.1500013839474793
http://dbkwik.webdatacommons.org/memory-alpha.wikia.com/property/headOfGovernment	http://dbkwik.webdatacommons.org/memory-beta.wikia.com/property/headOfGovernment	0.20000184526333595
http://dbkwik.webdatacommons.org/memory-alpha.wikia.com/property/headOfGovernment-	http://dbkwik.webdatacommons.org/ontology/wikiPageWikiLink	0.35000322921085775
http://dbkwik.webdatacommons.org/memory-alpha.wikia.com/property/headOfGovernment-	http://dbkwik.webdatacommons.org/ontology/wikiPageWikiLink-	0.35000322921085775
http://dbkwik.webdatacommons.org/memory-alpha.wikia.com/property/headOfGovernment-	http://dbkwik.webdatacommons.org/memory-beta.wikia.com/property/headOfState-	0.15000138394747928
http://dbkwik.webdatacommons.org/memory-alpha.wikia.com/property/headOfGovernment-	http://dbkwik.webdatacommons.org/memory-beta.wikia.com/property/headOfGovernment-	0.20000184526333592
http://dbkwik.webdatacommons.org/memory-alpha.wikia.com/property/character	http://dbkwik.webdatacommons.org/ontology/wikiPageWikiLink	0.21446611216837605
http://dbkwik.webdatacommons.org/memory-alpha.wikia.com/property/character	http://dbkwik.webdatacommons.org/ontology/wikiPageWikiLink-	0.11881255524998333
http://dbkwik.webdatacommons.org/memory-alpha.wikia.com/property/character-	http://dbkwik.webdatacommons.org/ontology/wikiPageWikiLink	0.11881255524998328
http://dbkwik.webdatacommons.org/memory-alpha.wikia.com/property/character-	http://dbkwik.webdatacommons.org/ontology/wikiPageWikiLink-	0.214466112168376
http://dbkwik.webdatacommons.org/memory-alpha.wikia.com/property/actualIdentity	http://dbkwik.webdatacommons.org/ontology/wikiPageWikiLink	0.25012055029375757
http://dbkwik.webdatacommons.org/memory-alpha.wikia.com/property/actualIdentity	http://dbkwik.webdatacommons.org/ontology/wikiPageWikiLink-	0.37500284070577894
http://dbkwik.webdatacommons.org/memory-alpha.wikia.com/property/actualIdentity	http://dbkwik.webdatacommons.org/memory-beta.wikia.com/property/alias-	0.275061220983563
http://dbkwik.webdatacommons.org/memory-alpha.wikia.com/property/actualIdentity-	http://dbkwik.webdatacommons.org/ontology/wikiPageWikiLink	0.28304246120140164
http://dbkwik.webdatacommons.org/memory-alpha.wikia.com/property/actualIdentity-	http://dbkwik.webdatacommons.org/ontology/wikiPageWikiLink-	0.18878453298901413
http://dbkwik.webdatacommons.org/memory-alpha.wikia.com/property/actualIdentity-	http://dbkwik.webdatacommons.org/memory-beta.wikia.com/property/alias	0.2076091072316257
http://dbkwik.webdatacommons.org/memory-alpha.wikia.com/property/aarc1nextpart	http://dbkwik.webdatacommons.org/ontology/wikiPageWikiLink	0.14285714276110006
http://dbkwik.webdatacommons.org/memory-alpha.wikia.com/property/aarc1nextpart	http://dbkwik.webdatacommons.org/ontology/wikiPageWikiLink-	0.14285714276110006
http://dbkwik.webdatacommons.org/memory-alpha.wikia.com/property/narc1partcount-	http://dbkwik.webdatacommons.org/memory-beta.wikia.com/property/episode-	0.10869565627349646
http://dbkwik.webdatacommons.org/memory-alpha.wikia.com/property/wsproducedby	http://dbkwik.webdatacommons.org/ontology/wikiPageWikiLink	0.22730116671999573
http://dbkwik.webdatacommons.org/memory-alpha.wikia.com/property/wsproducedby-	http://dbkwik.webdatacommons.org/ontology/wikiPageWikiLink-	0.22730116671999573
http://dbkwik.webdatacommons.org/memory-alpha.wikia.com/property/wsscreenplayby	http://dbkwik.webdatacommons.org/ontology/wikiPageWikiLink-	0.14287387914752359
http://dbkwik.webdatacommons.org/memory-alpha.wikia.com/property/wsscreenplayby-	http://dbkwik.webdatacommons.org/ontology/wikiPageWikiLink	0.14287387914752359
http://dbkwik.webdatacommons.org/memory-alpha.wikia.com/property/majorSpecies	http://dbkwik.webdatacommons.org/ontology/wikiPageWikiLink	0.4054074272338544
http://dbkwik.webdatacommons.org/memory-alpha.wikia.com/property/majorSpecies	http://dbkwik.webdatacommons.org/ontology/wikiPageWikiLink-	0.4054074272338544
http://dbkwik.webdatacommons.org/memory-alpha.wikia.com/property/majorSpecies	http://dbkwik.webdatacommons.org/memory-beta.wikia.com/property/affiliation-	0.2972987799717609
http://dbkwik.webdatacommons.org/memory-alpha.wikia.com/property/majorSpecies	http://dbkwik.webdatacommons.org/memory-beta.wikia.com/property/species	0.2702716181561464
http://dbkwik.webdatacommons.org/memory-alpha.wikia.com/property/majorSpecies-	http://dbkwik.webdatacommons.org/ontology/wikiPageWikiLink	0.4054074272338544
http://dbkwik.webdatacommons.org/memory-alpha.wikia.com/property/majorSpecies-	http://dbkwik.webdatacommons.org/ontology/wikiPageWikiLink-	0.4054074272338543
http://dbkwik.webdatacommons.org/memory-alpha.wikia.com/property/majorSpecies-	http://dbkwik.webdatacommons.org/memory-beta.wikia.com/property/affiliation	0.29729877997176085
http://dbkwik.webdatacommons.org/memory-alpha.wikia.com/property/majorSpecies-	http://dbkwik.webdatacommons.org/memory-beta.wikia.com/property/species-	0.2702716181561464
http://dbkwik.webdatacommons.org/memory-alpha.wikia.com/property/abbr-	skos:altLabel-	0.3333333333333333
http://dbkwik.webdatacommons.org/memory-alpha.wikia.com/property/abbr-	http://dbkwik.webdatacommons.org/ontology/wikiPageWikiLinkText-	0.3333333333333333
http://dbkwik.webdatacommons.org/memory-alpha.wikia.com/property/abbr-	http://dbkwik.webdatacommons.org/memory-beta.wikia.com/property/abbreviation-	0.3333333333333333
http://dbkwik.webdatacommons.org/memory-alpha.wikia.com/property/developer	http://dbkwik.webdatacommons.org/ontology/wikiPageWikiLink	0.4779680628873705
http://dbkwik.webdatacommons.org/memory-alpha.wikia.com/property/developer	http://dbkwik.webdatacommons.org/ontology/wikiPageWikiLink-	0.1008174346493962
http://dbkwik.webdatacommons.org/memory-alpha.wikia.com/property/developer	http://dbkwik.webdatacommons.org/memory-beta.wikia.com/property/developer	0.4057306417456969
http://dbkwik.webdatacommons.org/memory-alpha.wikia.com/property/developer	http://dbkwik.webdatacommons.org/memory-beta.wikia.com/property/publisher	0.14100132055110273
http://dbkwik.webdatacommons.org/memory-alpha.wikia.com/property/developer-	http://dbkwik.webdatacommons.org/ontology/wikiPageWikiLink-	0.44574622612293024
http://dbkwik.webdatacommons.org/memory-alpha.wikia.com/property/developer-	http://dbkwik.webdatacommons.org/memory-beta.wikia.com/property/developer-	0.3952321839621499
http://dbkwik.webdatacommons.org/memory-alpha.wikia.com/property/developer-	http://dbkwik.webdatacommons.org/memory-beta.wikia.com/property/publisher-	0.13149582868429832
http://dbkwik.webdatacommons.org/memory-alpha.wikia.com/property/symbol-	skos:altLabel-	0.24225596012823455
http://dbkwik.webdatacommons.org/memory-alpha.wikia.com/property/symbol-	http://dbkwik.webdatacommons.org/ontology/wikiPageWikiLinkText-	0.44380097941441593
http://dbkwik.webdatacommons.org/memory-alpha.wikia.com/property/symbol-	http://dbkwik.webdatacommons.org/memory-beta.wikia.com/property/symbol-	0.2826319534829286
http://dbkwik.webdatacommons.org/memory-alpha.wikia.com/property/wsarc2desc	http://dbkwik.webdatacommons.org/ontology/wikiPageWikiLink	0.18750000000254674
http://dbkwik.webdatacommons.org/memory-alpha.wikia.com/property/wsarc2desc	http://dbkwik.webdatacommons.org/ontology/wikiPageWikiLink-	0.3749999999914831
http://dbkwik.webdatacommons.org/memory-alpha.wikia.com/property/wsarc2desc-	http://dbkwik.webdatacommons.org/ontology/wikiPageWikiLink	0.37499999999148304
http://dbkwik.webdatacommons.org/memory-alpha.wikia.com/property/wsarc2desc-	http://dbkwik.webdatacommons.org/ontology/wikiPageWikiLink-	0.18750000000254674
http://dbkwik.webdatacommons.org/memory-alpha.wikia.com/property/partOf	http://dbkwik.webdatacommons.org/ontology/wikiPageWikiLink	0.33437698843068814
http://dbkwik.webdatacommons.org/memory-alpha.wikia.com/property/partOf	http://dbkwik.webdatacommons.org/ontology/wikiPageWikiLink-	0.16466437679253348
http://dbkwik.webdatacommons.org/memory-alpha.wikia.com/property/partOf	http://dbkwik.webdatacommons.org/memory-beta.wikia.com/property/partOf	0.23406389046468853
http://dbkwik.webdatacommons.org/memory-alpha.wikia.com/property/partOf-	http://dbkwik.webdatacommons.org/ontology/wikiPageWikiLink	0.16466437679253348
http://dbkwik.webdatacommons.org/memory-alpha.wikia.com/property/partOf-	http://dbkwik.webdatacommons.org/ontology/wikiPageWikiLink-	0.3343769884306881
http://dbkwik.webdatacommons.org/memory-alpha.wikia.com/property/partOf-	http://dbkwik.webdatacommons.org/memory-beta.wikia.com/property/partOf-	0.2340638904646885
http://dbkwik.webdatacommons.org/memory-alpha.wikia.com/property/awgt-	http://dbkwik.webdatacommons.org/memory-beta.wikia.com/property/mass-	0.10659951754876798
http://dbkwik.webdatacommons.org/memory-alpha.wikia.com/property/prevchrono	http://dbkwik.webdatacommons.org/memory-beta.wikia.com/property/after-	0.1152572657385477
http://dbkwik.webdatacommons.org/memory-alpha.wikia.com/property/prevchrono	http://dbkwik.webdatacommons.org/ontology/wikiPageWikiLink	0.3460333868789115
http://dbkwik.webdatacommons.org/memory-alpha.wikia.com/property/prevchrono	http://dbkwik.webdatacommons.org/ontology/wikiPageWikiLink-	0.23066313893035872
http://dbkwik.webdatacommons.org/memory-alpha.wikia.com/property/prevchrono	http://dbkwik.webdatacommons.org/memory-beta.wikia.com/property/before	0.19219451453309092
http://dbkwik.webdatacommons.org/memory-alpha.wikia.com/property/prevchrono-	http://dbkwik.webdatacommons.org/memory-beta.wikia.com/property/after	0.1152572657385477
http://dbkwik.webdatacommons.org/memory-alpha.wikia.com/property/prevchrono-	http://dbkwik.webdatacommons.org/ontology/wikiPageWikiLink	0.23066313893035872
http://dbkwik.webdatacommons.org/memory-alpha.wikia.com/property/prevchrono-	http://dbkwik.webdatacommons.org/ontology/wikiPageWikiLink-	0.3460333868789115
http://dbkwik.webdatacommons.org/memory-alpha.wikia.com/property/prevchrono-	http://dbkwik.webdatacommons.org/memory-beta.wikia.com/property/before-	0.19219451453309092
http://dbkwik.webdatacommons.org/memory-alpha.wikia.com/property/capital	http://dbkwik.webdatacommons.org/ontology/wikiPageWikiLink	0.4285742529823878
http://dbkwik.webdatacommons.org/memory-alpha.wikia.com/property/capital	http://dbkwik.webdatacommons.org/ontology/wikiPageWikiLink-	0.6071402680964377
http://dbkwik.webdatacommons.org/memory-alpha.wikia.com/property/capital	http://dbkwik.webdatacommons.org/memory-beta.wikia.com/property/capital	0.17857260541043574
http://dbkwik.webdatacommons.org/memory-alpha.wikia.com/property/capital	http://dbkwik.webdatacommons.org/memory-beta.wikia.com/property/affiliation-	0.24999505736709926
http://dbkwik.webdatacommons.org/memory-alpha.wikia.com/property/capital-	http://dbkwik.webdatacommons.org/ontology/wikiPageWikiLink	0.6071402680964377
http://dbkwik.webdatacommons.org/memory-alpha.wikia.com/property/capital-	http://dbkwik.webdatacommons.org/ontology/wikiPageWikiLink-	0.4285742529823878
http://dbkwik.webdatacommons.org/memory-alpha.wikia.com/property/capital-	http://dbkwik.webdatacommons.org/memory-beta.wikia.com/property/capital-	0.17857260541043574
http://dbkwik.webdatacommons.org/memory-alpha.wikia.com/property/capital-	http://dbkwik.webdatacommons.org/memory-beta.wikia.com/property/affiliation	0.24999505736709923
http://dbkwik.webdatacommons.org/memory-alpha.wikia.com/property/legislature	http://dbkwik.webdatacommons.org/ontology/wikiPageWikiLink	0.40912493663682137
http://dbkwik.webdatacommons.org/memory-alpha.wikia.com/property/legislature	http://dbkwik.webdatacommons.org/ontology/wikiPageWikiLink-	0.45458956430263325
http://dbkwik.webdatacommons.org/memory-alpha.wikia.com/property/legislature	http://dbkwik.webdatacommons.org/memory-beta.wikia.com/property/legislature	0.22732313006061305
http://dbkwik.webdatacommons.org/memory-alpha.wikia.com/property/legislature-	http://dbkwik.webdatacommons.org/ontology/wikiPageWikiLink	0.4545895643026332
http://dbkwik.webdatacommons.org/memory-alpha.wikia.com/property/legislature-	http://dbkwik.webdatacommons.org/ontology/wikiPageWikiLink-	0.4091249366368213
http://dbkwik.webdatacommons.org/memory-alpha.wikia.com/property/legislature-	http://dbkwik.webdatacommons.org/memory-beta.wikia.com/property/legislature-	0.227323130060613
http://dbkwik.webdatacommons.org/memory-alpha.wikia.com/property/narc2partnumber-	http://dbkwik.webdatacommons.org/memory-beta.wikia.com/property/episode-	0.16666666665690413
http://dbkwik.webdatacommons.org/memory-alpha.wikia.com/property/nextchrono	http://dbkwik.webdatacommons.org/memory-beta.wikia.com/property/after	0.16653893595876076
http://dbkwik.webdatacommons.org/memory-alpha.wikia.com/property/nextchrono	http://dbkwik.webdatacommons.org/ontology/wikiPageWikiLink	0.2915252847940959
http://dbkwik.webdatacommons.org/memory-alpha.wikia.com/property/nextchrono	http://dbkwik.webdatacommons.org/ontology/wikiPageWikiLink-	0.29156388255016524
http://dbkwik.webdatacommons.org/memory-alpha.wikia.com/property/nextchrono	http://dbkwik.webdatacommons.org/memory-beta.wikia.com/property/before-	0.12486395586336066
http://dbkwik.webdatacommons.org/memory-alpha.wikia.com/property/nextchrono-	http://dbkwik.webdatacommons.org/memory-beta.wikia.com/property/after-	0.16653893595876076
http://dbkwik.webdatacommons.org/memory-alpha.wikia.com/property/nextchrono-	http://dbkwik.webdatacommons.org/ontology/wikiPageWikiLink	0.29156388255016524
http://dbkwik.webdatacommons.org/memory-alpha.wikia.com/property/nextchrono-	http://dbkwik.webdatacommons.org/ontology/wikiPageWikiLink-	0.2915252847940959
http://dbkwik.webdatacommons.org/memory-alpha.wikia.com/property/nextchrono-	http://dbkwik.webdatacommons.org/memory-beta.wikia.com/property/before	0.12486395586336066
http://dbkwik.webdatacommons.org/memory-alpha.wikia.com/property/intelligenceService	http://dbkwik.webdatacommons.org/ontology/wikiPageWikiLink	0.37040080801848074
http://dbkwik.webdatacommons.org/memory-alpha.wikia.com/property/intelligenceService	http://dbkwik.webdatacommons.org/ontology/wikiPageWikiLink-	0.44454240473167245
http://dbkwik.webdatacommons.org/memory-alpha.wikia.com/property/intelligenceService-	http://dbkwik.webdatacommons.org/ontology/wikiPageWikiLink	0.44454240473167245
http://dbkwik.webdatacommons.org/memory-alpha.wikia.com/property/intelligenceService-	http://dbkwik.webdatacommons.org/ontology/wikiPageWikiLink-	0.3704008080184808
http://dbkwik.webdatacommons.org/memory-alpha.wikia.com/property/currency	http://dbkwik.webdatacommons.org/ontology/wikiPageWikiLink	0.23686353010540642
http://dbkwik.webdatacommons.org/memory-alpha.wikia.com/property/currency	http://dbkwik.webdatacommons.org/ontology/wikiPageWikiLink-	0.1776476475793638
http://dbkwik.webdatacommons.org/memory-alpha.wikia.com/property/currency	http://dbkwik.webdatacommons.org/memory-beta.wikia.com/property/currency	0.17764764757934423
http://dbkwik.webdatacommons.org/memory-alpha.wikia.com/property/currency-	http://dbkwik.webdatacommons.org/ontology/wikiPageWikiLink	0.16771618563309973
http://dbkwik.webdatacommons.org/memory-alpha.wikia.com/property/currency-	http://dbkwik.webdatacommons.org/ontology/wikiPageWikiLink-	0.223621580843744
http://dbkwik.webdatacommons.org/memory-alpha.wikia.com/property/currency-	http://dbkwik.webdatacommons.org/memory-beta.wikia.com/property/currency-	0.16771618563308124
http://dbkwik.webdatacommons.org/memory-alpha.wikia.com/property/shipcap	http://dbkwik.webdatacommons.org/ontology/wikiPageWikiLink	0.3333333333333333
http://dbkwik.webdatacommons.org/memory-alpha.wikia.com/property/shipcap	http://dbkwik.webdatacommons.org/ontology/wikiPageWikiLink-	0.3333333333333333
http://dbkwik.webdatacommons.org/memory-alpha.wikia.com/property/shipcap-	http://dbkwik.webdatacommons.org/ontology/wikiPageWikiLink	0.3125
http://dbkwik.webdatacommons.org/memory-alpha.wikia.com/property/shipcap-	http://dbkwik.webdatacommons.org/ontology/wikiPageWikiLink-	0.3125
http://dbkwik.webdatacommons.org/memory-alpha.wikia.com/property/bfeaturelength-	http://dbkwik.webdatacommons.org/memory-beta.wikia.com/property/episode-	0.15789473684513586
http://dbkwik.webdatacommons.org/memory-alpha.wikia.com/property/titlecard-	http://dbkwik.webdatacommons.org/memory-beta.wikia.com/property/episode-	0.4444444269982293
http://dbkwik.webdatacommons.org/memory-alpha.wikia.com/property/mass-	http://dbkwik.webdatacommons.org/memory-beta.wikia.com/property/mass-	0.14285766612840173
http://dbkwik.webdatacommons.org/memory-alpha.wikia.com/property/judiciary	http://dbkwik.webdatacommons.org/ontology/wikiPageWikiLink	0.16656735020949018
http://dbkwik.webdatacommons.org/memory-alpha.wikia.com/property/judiciary-	http://dbkwik.webdatacommons.org/ontology/wikiPageWikiLink-	0.16656735020949018
