,Unnamed: 0,e1,e2,sim,Predicted,Analyzed,_merge
1,1,http://dbkwik.webdatacommons.org/starwars.wikia.com/resource/Temple_of_the_Blueleaf_Cluster,http://dbkwik.webdatacommons.org/swg.wikia.com/resource/Temple_of_the_Blueleaf,,,,left_only
10,10,http://dbkwik.webdatacommons.org/starwars.wikia.com/resource/Nightsister_melee_armguard,http://dbkwik.webdatacommons.org/swg.wikia.com/resource/Nightsister_Melee_Armguard,,,,left_only
12,12,http://dbkwik.webdatacommons.org/starwars.wikia.com/resource/Orden_Tarc,http://dbkwik.webdatacommons.org/swg.wikia.com/resource/Lieutenant_Orden_Tarc,,,,left_only
18,18,http://dbkwik.webdatacommons.org/starwars.wikia.com/resource/It_Came_From_Mustafar!,http://dbkwik.webdatacommons.org/swg.wikia.com/resource/It_came_from_Mustafar_!,,,,left_only
20,20,http://dbkwik.webdatacommons.org/starwars.wikia.com/resource/Srimaur,http://dbkwik.webdatacommons.org/swg.wikia.com/resource/Tusken_Scholar,,,,left_only
26,26,http://dbkwik.webdatacommons.org/starwars.wikia.com/resource/Ye-4_gunship,http://dbkwik.webdatacommons.org/swg.wikia.com/resource/YE-4_Gunship,,,,left_only
27,27,http://dbkwik.webdatacommons.org/starwars.wikia.com/resource/Exar_Kun_fresco,http://dbkwik.webdatacommons.org/swg.wikia.com/resource/An_Exar_Kun_Fresco,,,,left_only
31,31,http://dbkwik.webdatacommons.org/starwars.wikia.com/resource/CQ-3.99_holographic_image_disguiser,http://dbkwik.webdatacommons.org/swg.wikia.com/resource/Standard_Holoshroud,,,,left_only
37,37,http://dbkwik.webdatacommons.org/starwars.wikia.com/resource/Scatter_pistol,http://dbkwik.webdatacommons.org/swg.wikia.com/resource/High_Capacity_Scatter_Pistol,,,,left_only
38,38,http://dbkwik.webdatacommons.org/starwars.wikia.com/property/name,http://dbkwik.webdatacommons.org/swg.wikia.com/property/name,,,,left_only
41,41,http://dbkwik.webdatacommons.org/starwars.wikia.com/resource/Gooberfish,http://dbkwik.webdatacommons.org/swg.wikia.com/resource/Nabooian_Angler,,,,left_only
44,44,http://dbkwik.webdatacommons.org/starwars.wikia.com/resource/Blob_candy,http://dbkwik.webdatacommons.org/swg.wikia.com/resource/Blob_Candy,,,,left_only
53,53,http://dbkwik.webdatacommons.org/starwars.wikia.com/resource/Fa%27Zoll,http://dbkwik.webdatacommons.org/swg.wikia.com/resource/Inquisitor_Fa%27Zoll,,,,left_only
54,54,http://dbkwik.webdatacommons.org/starwars.wikia.com/resource/Geode,http://dbkwik.webdatacommons.org/swg.wikia.com/resource/A_Hoth_Geode,,,,left_only
59,59,http://dbkwik.webdatacommons.org/starwars.wikia.com/resource/Whuffa_leather,http://dbkwik.webdatacommons.org/swg.wikia.com/resource/Whuffa_Leather,,,,left_only
60,60,http://dbkwik.webdatacommons.org/starwars.wikia.com/resource/Stuffed_Tauntaun_Toy,http://dbkwik.webdatacommons.org/swg.wikia.com/resource/A_Stuffed_Tauntaun_Toy,,,,left_only
66,66,http://dbkwik.webdatacommons.org/starwars.wikia.com/resource/Rodian_Collector,http://dbkwik.webdatacommons.org/swg.wikia.com/resource/Rodian_Collector_Painting,,,,left_only
74,74,http://dbkwik.webdatacommons.org/starwars.wikia.com/resource/Skaak_Tippers,http://dbkwik.webdatacommons.org/swg.wikia.com/resource/Skaak_Tipper,,,,left_only
75,75,http://dbkwik.webdatacommons.org/starwars.wikia.com/resource/Intense_Performer,http://dbkwik.webdatacommons.org/swg.wikia.com/resource/Intense_Performer_(Painting),,,,left_only
82,82,http://dbkwik.webdatacommons.org/starwars.wikia.com/resource/Vasarian_brandy,http://dbkwik.webdatacommons.org/swg.wikia.com/resource/Vasarian_Brandy,,,,left_only
84,84,http://dbkwik.webdatacommons.org/starwars.wikia.com/resource/Burning_Plains,http://dbkwik.webdatacommons.org/swg.wikia.com/resource/The_Burning_Plains,,,,left_only
85,85,http://dbkwik.webdatacommons.org/starwars.wikia.com/resource/Corusca_gem/Legends,http://dbkwik.webdatacommons.org/swg.wikia.com/resource/Rare_Corusca_Gem,,,,left_only
86,86,http://dbkwik.webdatacommons.org/starwars.wikia.com/resource/DH-18A_blaster_pistol,http://dbkwik.webdatacommons.org/swg.wikia.com/resource/DH-18A_Blaster_Pistol_Prototype,,,,left_only
89,89,http://dbkwik.webdatacommons.org/starwars.wikia.com/resource/Bofa_treat,http://dbkwik.webdatacommons.org/swg.wikia.com/resource/Bofa_Treat,,,,left_only
91,91,http://dbkwik.webdatacommons.org/starwars.wikia.com/resource/Juggernaut%27s_Ring,http://dbkwik.webdatacommons.org/swg.wikia.com/resource/Juggernaut_set,,,,left_only
94,94,http://dbkwik.webdatacommons.org/starwars.wikia.com/resource/Wraith_(Death_Watch),http://dbkwik.webdatacommons.org/swg.wikia.com/resource/Death_Watch_Wraith,,,,left_only
98,98,http://dbkwik.webdatacommons.org/starwars.wikia.com/resource/TTLP_soldiers,http://dbkwik.webdatacommons.org/swg.wikia.com/resource/TTLP_Soldier,,,,left_only
103,103,http://dbkwik.webdatacommons.org/starwars.wikia.com/resource/Muskegs,http://dbkwik.webdatacommons.org/swg.wikia.com/resource/Recover_the_Gungan_Artifact_stolen_by_the_Muskegs,,,,left_only
105,105,http://dbkwik.webdatacommons.org/starwars.wikia.com/resource/Spiced_tea,http://dbkwik.webdatacommons.org/swg.wikia.com/resource/Spiced_Tea,,,,left_only
108,108,http://dbkwik.webdatacommons.org/starwars.wikia.com/resource/Ufwol,http://dbkwik.webdatacommons.org/swg.wikia.com/resource/General_Ufwol,,,,left_only
111,111,http://dbkwik.webdatacommons.org/starwars.wikia.com/resource/Citros_snow_cake,http://dbkwik.webdatacommons.org/swg.wikia.com/resource/Citros_Snow_Cake,,,,left_only
114,114,http://dbkwik.webdatacommons.org/starwars.wikia.com/resource/Tanc_mite,http://dbkwik.webdatacommons.org/swg.wikia.com/resource/Tanc_Mite,,,,left_only
117,117,http://dbkwik.webdatacommons.org/starwars.wikia.com/resource/DXR6_heavy_carbine,http://dbkwik.webdatacommons.org/swg.wikia.com/resource/DXR6_Heavy_Carbine,,,,left_only
124,124,http://dbkwik.webdatacommons.org/starwars.wikia.com/resource/Camp_Alpha,"http://dbkwik.webdatacommons.org/swg.wikia.com/resource/Forward_Watch,_Alpha_Camp",,,,left_only
125,125,http://dbkwik.webdatacommons.org/starwars.wikia.com/resource/Nak%27tra_crystal,http://dbkwik.webdatacommons.org/swg.wikia.com/resource/Radiated_Nak%27tra_Crystal,,,,left_only
126,126,http://dbkwik.webdatacommons.org/starwars.wikia.com/resource/Musical_instrument/Legends,http://dbkwik.webdatacommons.org/swg.wikia.com/resource/Instruments,,,,left_only
134,134,http://dbkwik.webdatacommons.org/starwars.wikia.com/resource/Imperial_code_cylinder,http://dbkwik.webdatacommons.org/swg.wikia.com/resource/Imperial_Rank_Cylinder,,,,left_only
137,137,http://dbkwik.webdatacommons.org/starwars.wikia.com/resource/Vatoono,http://dbkwik.webdatacommons.org/swg.wikia.com/resource/Vatoono_(Guild_Traitor),,,,left_only
148,148,http://dbkwik.webdatacommons.org/starwars.wikia.com/resource/Midlithe_crystal,http://dbkwik.webdatacommons.org/swg.wikia.com/resource/Midlithe_Crystal,,,,left_only
152,152,http://dbkwik.webdatacommons.org/starwars.wikia.com/resource/Vayde_Quellium,http://dbkwik.webdatacommons.org/swg.wikia.com/resource/Capt._Quellium,,,,left_only
154,154,http://dbkwik.webdatacommons.org/starwars.wikia.com/resource/Gand_shockprod_staff,http://dbkwik.webdatacommons.org/swg.wikia.com/resource/Gand_Shockprod_Staff,,,,left_only
161,161,http://dbkwik.webdatacommons.org/starwars.wikia.com/resource/DH-17_short_carbine,http://dbkwik.webdatacommons.org/swg.wikia.com/resource/DH17_Short_Carbine,,,,left_only
163,163,http://dbkwik.webdatacommons.org/starwars.wikia.com/resource/Karkan_ribene,http://dbkwik.webdatacommons.org/swg.wikia.com/resource/Karkan_Ribenes,,,,left_only
165,165,http://dbkwik.webdatacommons.org/starwars.wikia.com/resource/Mummers,http://dbkwik.webdatacommons.org/swg.wikia.com/resource/Mummer,,,,left_only
166,166,http://dbkwik.webdatacommons.org/starwars.wikia.com/resource/Coolth_backpack,http://dbkwik.webdatacommons.org/swg.wikia.com/resource/Military_Travel_Pack,,,,left_only
169,169,http://dbkwik.webdatacommons.org/starwars.wikia.com/resource/Rothax,http://dbkwik.webdatacommons.org/swg.wikia.com/resource/Staff_Sergeant_Rothax,,,,left_only
175,175,http://dbkwik.webdatacommons.org/starwars.wikia.com/resource/Kenkirk,http://dbkwik.webdatacommons.org/swg.wikia.com/resource/Cmdr._Kenkirk,,,,left_only
176,176,http://dbkwik.webdatacommons.org/starwars.wikia.com/resource/Zanier_Hudmasse,http://dbkwik.webdatacommons.org/swg.wikia.com/resource/Professor_Zanier_Hudmasse,,,,left_only
179,179,http://dbkwik.webdatacommons.org/starwars.wikia.com/resource/Koh_(Twi%27lek),http://dbkwik.webdatacommons.org/swg.wikia.com/resource/Captain_Koh,,,,left_only
183,183,http://dbkwik.webdatacommons.org/starwars.wikia.com/resource/Hendanyn_death_mask,http://dbkwik.webdatacommons.org/swg.wikia.com/resource/A_Hendanyn_Death_Mask,,,,left_only
184,184,http://dbkwik.webdatacommons.org/starwars.wikia.com/resource/Ronald_Varim,http://dbkwik.webdatacommons.org/swg.wikia.com/resource/Ronald_Varim_(Corrupt_Officer),,,,left_only
188,188,http://dbkwik.webdatacommons.org/starwars.wikia.com/resource/Kerritamba,http://dbkwik.webdatacommons.org/swg.wikia.com/resource/Chief_Kerritamba,,,,left_only
190,190,http://dbkwik.webdatacommons.org/starwars.wikia.com/resource/Zaprin_family,http://dbkwik.webdatacommons.org/swg.wikia.com/resource/House_Call,,,,left_only
191,191,http://dbkwik.webdatacommons.org/starwars.wikia.com/resource/Holo-entertainment_table,http://dbkwik.webdatacommons.org/swg.wikia.com/resource/Holo-Entertainment_Table,,,,left_only
194,194,http://dbkwik.webdatacommons.org/starwars.wikia.com/resource/Marine_armor,http://dbkwik.webdatacommons.org/swg.wikia.com/resource/Rebel_Marine_armor,,,,left_only
195,195,http://dbkwik.webdatacommons.org/starwars.wikia.com/resource/Meatlump_wine,http://dbkwik.webdatacommons.org/swg.wikia.com/resource/A_Bottle_of_Meatlump_Wine,,,,left_only
196,196,http://dbkwik.webdatacommons.org/starwars.wikia.com/resource/Camp_Beta,"http://dbkwik.webdatacommons.org/swg.wikia.com/resource/Forward_Watch,_Beta_Camp",,,,left_only
198,198,http://dbkwik.webdatacommons.org/starwars.wikia.com/property/skin,http://dbkwik.webdatacommons.org/swg.wikia.com/property/skin,,,,left_only
201,201,http://dbkwik.webdatacommons.org/starwars.wikia.com/resource/Blackwing_crystal,http://dbkwik.webdatacommons.org/swg.wikia.com/resource/Blackwing_Crystal,,,,left_only
205,205,http://dbkwik.webdatacommons.org/starwars.wikia.com/resource/Mikdanyell_Guh%27rantt,http://dbkwik.webdatacommons.org/swg.wikia.com/resource/Mayor_Mikdanyell_Guh%27rantt,,,,left_only
206,206,http://dbkwik.webdatacommons.org/starwars.wikia.com/resource/Wyyyschokk,http://dbkwik.webdatacommons.org/swg.wikia.com/resource/Webweaver,,,,left_only
209,209,http://dbkwik.webdatacommons.org/starwars.wikia.com/resource/Flameout_(drink),http://dbkwik.webdatacommons.org/swg.wikia.com/resource/Flameout,,,,left_only
210,210,http://dbkwik.webdatacommons.org/starwars.wikia.com/resource/Boar-wolf/Legends,http://dbkwik.webdatacommons.org/swg.wikia.com/resource/Boar_Wolf,,,,left_only
211,211,http://dbkwik.webdatacommons.org/starwars.wikia.com/resource/Rebel_assault_armor,http://dbkwik.webdatacommons.org/swg.wikia.com/resource/Rebel_Assault_armor,,,,left_only
212,212,http://dbkwik.webdatacommons.org/starwars.wikia.com/resource/Zabran,http://dbkwik.webdatacommons.org/swg.wikia.com/resource/Smuggler_Crafted_Buffs_(Spices_and_Food),,,,left_only
213,213,http://dbkwik.webdatacommons.org/starwars.wikia.com/resource/Willham_Burke,http://dbkwik.webdatacommons.org/swg.wikia.com/resource/Admiral_Willham_Burke,,,,left_only
220,220,http://dbkwik.webdatacommons.org/starwars.wikia.com/resource/Massassi_knuckler,http://dbkwik.webdatacommons.org/swg.wikia.com/resource/Massassi_Knuckler,,,,left_only
224,224,http://dbkwik.webdatacommons.org/starwars.wikia.com/resource/The_Jewelry_Collection,http://dbkwik.webdatacommons.org/swg.wikia.com/resource/The_Jewelry_Collection_painting,,,,left_only
226,226,http://dbkwik.webdatacommons.org/starwars.wikia.com/resource/Darth_Vader_(painting),http://dbkwik.webdatacommons.org/swg.wikia.com/resource/Painting:_Darth_Vader,,,,left_only
231,231,http://dbkwik.webdatacommons.org/starwars.wikia.com/resource/Rol_Stone,http://dbkwik.webdatacommons.org/swg.wikia.com/resource/Rare_Rol_Stone,,,,left_only
233,233,http://dbkwik.webdatacommons.org/starwars.wikia.com/resource/Zicx,http://dbkwik.webdatacommons.org/swg.wikia.com/resource/A_Jar_of_Zicx_Bugs,,,,left_only
238,238,http://dbkwik.webdatacommons.org/starwars.wikia.com/resource/Exar_Kun_mural,http://dbkwik.webdatacommons.org/swg.wikia.com/resource/Exar_Kun_Mural,,,,left_only
239,239,http://dbkwik.webdatacommons.org/starwars.wikia.com/resource/Kreezo,http://dbkwik.webdatacommons.org/swg.wikia.com/resource/Captain_Kreezo,,,,left_only
240,240,http://dbkwik.webdatacommons.org/starwars.wikia.com/resource/Aqzow,http://dbkwik.webdatacommons.org/swg.wikia.com/resource/Lt._Colonel_Aqzow,,,,left_only
241,241,http://dbkwik.webdatacommons.org/starwars.wikia.com/resource/Braedic_Ekirk,http://dbkwik.webdatacommons.org/swg.wikia.com/resource/Col._Ekirk,,,,left_only
242,242,http://dbkwik.webdatacommons.org/starwars.wikia.com/resource/M22-T_Krayt_gunship,http://dbkwik.webdatacommons.org/swg.wikia.com/resource/M22-T_%22Krayt%22_Gunship,,,,left_only
249,249,http://dbkwik.webdatacommons.org/starwars.wikia.com/resource/Chef/Legends,http://dbkwik.webdatacommons.org/swg.wikia.com/resource/Chef,,,,left_only
250,250,http://dbkwik.webdatacommons.org/starwars.wikia.com/resource/Architect/Legends,http://dbkwik.webdatacommons.org/swg.wikia.com/resource/Architect,,,,left_only
251,251,http://dbkwik.webdatacommons.org/starwars.wikia.com/resource/Bladeback_boar/Legends,http://dbkwik.webdatacommons.org/swg.wikia.com/resource/Wild_Bladeback_Boar,,,,left_only
252,252,http://dbkwik.webdatacommons.org/starwars.wikia.com/resource/Darkstone,http://dbkwik.webdatacommons.org/swg.wikia.com/resource/Colonel_Darkstone,,,,left_only
254,254,http://dbkwik.webdatacommons.org/starwars.wikia.com/resource/Skar_(Dark_Jedi),http://dbkwik.webdatacommons.org/swg.wikia.com/resource/Skar,,,,left_only
257,257,http://dbkwik.webdatacommons.org/starwars.wikia.com/resource/Velso,http://dbkwik.webdatacommons.org/swg.wikia.com/resource/Lt._Velso,,,,left_only
262,262,http://dbkwik.webdatacommons.org/starwars.wikia.com/resource/Eopie_cream_pie,http://dbkwik.webdatacommons.org/swg.wikia.com/resource/Eopie_Cream_Pie,,,,left_only
263,263,http://dbkwik.webdatacommons.org/starwars.wikia.com/resource/IG-106,http://dbkwik.webdatacommons.org/swg.wikia.com/resource/Slicer_sentry,,,,left_only
269,269,http://dbkwik.webdatacommons.org/starwars.wikia.com/resource/Huj_mat,http://dbkwik.webdatacommons.org/swg.wikia.com/resource/Huj_Mat_Rug,,,,left_only
271,271,http://dbkwik.webdatacommons.org/starwars.wikia.com/resource/Dune_Sea/Legends,http://dbkwik.webdatacommons.org/swg.wikia.com/resource/The_Dune_Sea,,,,left_only
272,272,http://dbkwik.webdatacommons.org/starwars.wikia.com/resource/Clone_Wars_Painting_(clone_trooper),http://dbkwik.webdatacommons.org/swg.wikia.com/resource/Clone_Wars_Painting:_Clone_Trooper,,,,left_only
273,273,http://dbkwik.webdatacommons.org/starwars.wikia.com/resource/Clone_Wars_Painting_(Grievous),http://dbkwik.webdatacommons.org/swg.wikia.com/resource/Clone_Wars_Painting:_General_Grievous,,,,left_only
274,274,http://dbkwik.webdatacommons.org/starwars.wikia.com/resource/Errad_Brytok,http://dbkwik.webdatacommons.org/swg.wikia.com/resource/Lt._Errad_Brytok,,,,left_only
277,277,http://dbkwik.webdatacommons.org/starwars.wikia.com/resource/Feather_duster,http://dbkwik.webdatacommons.org/swg.wikia.com/resource/A_Feather_Duster,,,,left_only
278,278,http://dbkwik.webdatacommons.org/starwars.wikia.com/resource/Nalskel,http://dbkwik.webdatacommons.org/swg.wikia.com/resource/Saving_Gungan_Nalskel,,,,left_only
279,279,http://dbkwik.webdatacommons.org/starwars.wikia.com/resource/DL-T_Heavy_blaster_pistol,http://dbkwik.webdatacommons.org/swg.wikia.com/resource/DL-T_Heavy_Blaster_Pistol,,,,left_only
280,280,http://dbkwik.webdatacommons.org/starwars.wikia.com/resource/D%27Mayna_Stallaphalat,http://dbkwik.webdatacommons.org/swg.wikia.com/resource/Stella,,,,left_only
282,282,http://dbkwik.webdatacommons.org/starwars.wikia.com/resource/Aludium_pu-36,http://dbkwik.webdatacommons.org/swg.wikia.com/resource/Aludium_pu36_(Schematic),,,,left_only
286,286,http://dbkwik.webdatacommons.org/starwars.wikia.com/property/population,http://dbkwik.webdatacommons.org/swg.wikia.com/property/population,,,,left_only
287,287,http://dbkwik.webdatacommons.org/starwars.wikia.com/resource/Heavy_particle_beam_cannon,http://dbkwik.webdatacommons.org/swg.wikia.com/resource/Heavy_Particle_Beam_Cannon,,,,left_only
288,288,http://dbkwik.webdatacommons.org/starwars.wikia.com/resource/Prat,http://dbkwik.webdatacommons.org/swg.wikia.com/resource/Watch_Captain_Prat,,,,left_only
289,289,http://dbkwik.webdatacommons.org/starwars.wikia.com/resource/Desert_Sands_(quadrant),http://dbkwik.webdatacommons.org/swg.wikia.com/resource/Desert_Sands,,,,left_only
294,294,http://dbkwik.webdatacommons.org/starwars.wikia.com/property/faction,http://dbkwik.webdatacommons.org/swg.wikia.com/property/faction,,,,left_only
297,297,http://dbkwik.webdatacommons.org/starwars.wikia.com/resource/Lantern_bird/Legends,http://dbkwik.webdatacommons.org/swg.wikia.com/resource/Lantern_Bird,,,,left_only
298,298,http://dbkwik.webdatacommons.org/starwars.wikia.com/resource/Peko-peko,http://dbkwik.webdatacommons.org/swg.wikia.com/resource/Peko_Peko,,,,left_only
301,301,http://dbkwik.webdatacommons.org/starwars.wikia.com/resource/Nightsister_tower,http://dbkwik.webdatacommons.org/swg.wikia.com/resource/Schematic:_Nightsisters_Tower,,,,left_only
306,306,http://dbkwik.webdatacommons.org/starwars.wikia.com/resource/Almond-kwevvu_Crisp-munchy,http://dbkwik.webdatacommons.org/swg.wikia.com/resource/Almond-Kwevvu_Crisp_Munchies,,,,left_only
310,310,http://dbkwik.webdatacommons.org/starwars.wikia.com/resource/Pikatta_pie,http://dbkwik.webdatacommons.org/swg.wikia.com/resource/Pikatta_Pie,,,,left_only
312,312,http://dbkwik.webdatacommons.org/starwars.wikia.com/resource/Bearded_jax,http://dbkwik.webdatacommons.org/swg.wikia.com/resource/Bearded_Jax,,,,left_only
314,314,http://dbkwik.webdatacommons.org/starwars.wikia.com/resource/Corellian_brandy/Legends,http://dbkwik.webdatacommons.org/swg.wikia.com/resource/Corellian_Brandy,,,,left_only
315,315,http://dbkwik.webdatacommons.org/starwars.wikia.com/resource/Darkwalkers,http://dbkwik.webdatacommons.org/swg.wikia.com/resource/Recover_the_Gungan_Artifact_stolen_by_the_Darkwalkers,,,,left_only
319,319,http://dbkwik.webdatacommons.org/starwars.wikia.com/resource/Viopa,http://dbkwik.webdatacommons.org/swg.wikia.com/resource/Lady_Viopa,,,,left_only
323,323,http://dbkwik.webdatacommons.org/starwars.wikia.com/resource/Mon_Calamari_Eye_1,http://dbkwik.webdatacommons.org/swg.wikia.com/resource/Painting_of_A_Mon_Calamari_eye_1,,,,left_only
325,325,http://dbkwik.webdatacommons.org/starwars.wikia.com/resource/Oberhaur,http://dbkwik.webdatacommons.org/swg.wikia.com/resource/Commander_Oberhaur,,,,left_only
326,326,http://dbkwik.webdatacommons.org/starwars.wikia.com/property/title,http://dbkwik.webdatacommons.org/swg.wikia.com/property/title,,,,left_only
327,327,http://dbkwik.webdatacommons.org/starwars.wikia.com/resource/Harriet_Brunser,http://dbkwik.webdatacommons.org/swg.wikia.com/resource/Sergeant_Harriet_Brunser,,,,left_only
330,330,http://dbkwik.webdatacommons.org/starwars.wikia.com/resource/Double-Dip_Outer_Rim_Rumdrop,http://dbkwik.webdatacommons.org/swg.wikia.com/resource/Double-Dip_Outer_Rim_Rumdrop_(Schematic),,,,left_only
332,332,http://dbkwik.webdatacommons.org/starwars.wikia.com/resource/Tosche_Station/Legends,http://dbkwik.webdatacommons.org/swg.wikia.com/resource/Tosche_Station,,,,left_only
334,334,http://dbkwik.webdatacommons.org/starwars.wikia.com/resource/Legendary_vortex_rifle,http://dbkwik.webdatacommons.org/swg.wikia.com/resource/The_Legendary_Vortex_Rifle,,,,left_only
335,335,http://dbkwik.webdatacommons.org/starwars.wikia.com/resource/Power_hammer,http://dbkwik.webdatacommons.org/swg.wikia.com/resource/Power_Hammer,,,,left_only
337,337,http://dbkwik.webdatacommons.org/starwars.wikia.com/resource/K%27lor%27slug/Legends,http://dbkwik.webdatacommons.org/swg.wikia.com/resource/K%27lor%27slug_Dejarik_Piece,,,,left_only
340,340,http://dbkwik.webdatacommons.org/starwars.wikia.com/resource/Battle_of_Echo_Base_(painting),http://dbkwik.webdatacommons.org/swg.wikia.com/resource/Battle_of_Echo_Base_painting,,,,left_only
348,348,http://dbkwik.webdatacommons.org/starwars.wikia.com/resource/Pirate_Bunker,http://dbkwik.webdatacommons.org/swg.wikia.com/resource/Naboo_Pirate_Bunker,,,,left_only
351,351,http://dbkwik.webdatacommons.org/starwars.wikia.com/resource/Lancer-class_frigate/Legends,http://dbkwik.webdatacommons.org/swg.wikia.com/resource/Imperial_Lancer-class_Frigate,,,,left_only
353,353,http://dbkwik.webdatacommons.org/starwars.wikia.com/resource/Mei_Lai,http://dbkwik.webdatacommons.org/swg.wikia.com/resource/Mei_Lai_(Witch),,,,left_only
357,357,http://dbkwik.webdatacommons.org/starwars.wikia.com/resource/Storm_commando,http://dbkwik.webdatacommons.org/swg.wikia.com/resource/Imperial_Storm_Commando,,,,left_only
358,358,http://dbkwik.webdatacommons.org/starwars.wikia.com/resource/Triumph_(painting),http://dbkwik.webdatacommons.org/swg.wikia.com/resource/Triumph,,,,left_only
359,359,http://dbkwik.webdatacommons.org/starwars.wikia.com/resource/Wanted_Poster:_Princess_Leia_Organa,http://dbkwik.webdatacommons.org/swg.wikia.com/resource/Wanted_Poster:_Leia_Organa,,,,left_only
366,366,http://dbkwik.webdatacommons.org/starwars.wikia.com/property/crew,http://dbkwik.webdatacommons.org/swg.wikia.com/property/crew,,,,left_only
367,367,http://dbkwik.webdatacommons.org/starwars.wikia.com/resource/Vrke,http://dbkwik.webdatacommons.org/swg.wikia.com/resource/Inquisitor_Vrke,,,,left_only
369,369,http://dbkwik.webdatacommons.org/starwars.wikia.com/resource/Kalranoos_carbine,http://dbkwik.webdatacommons.org/swg.wikia.com/resource/Kalranoos_Carbine,,,,left_only
370,370,http://dbkwik.webdatacommons.org/starwars.wikia.com/resource/Laser_carbine,http://dbkwik.webdatacommons.org/swg.wikia.com/resource/Laser_Carbine,,,,left_only
371,371,http://dbkwik.webdatacommons.org/starwars.wikia.com/resource/Graling_juice,http://dbkwik.webdatacommons.org/swg.wikia.com/resource/Gralinyn_Juice,,,,left_only
373,373,http://dbkwik.webdatacommons.org/starwars.wikia.com/resource/Trandoshan_suppressor_pistol,http://dbkwik.webdatacommons.org/swg.wikia.com/resource/Trandoshan_Suppressor_Pistol,,,,left_only
375,375,http://dbkwik.webdatacommons.org/starwars.wikia.com/resource/Baz_nitch,http://dbkwik.webdatacommons.org/swg.wikia.com/resource/Baz_Nitch,,,,left_only
380,380,http://dbkwik.webdatacommons.org/starwars.wikia.com/property/government,http://dbkwik.webdatacommons.org/swg.wikia.com/property/government,,,,left_only
385,385,http://dbkwik.webdatacommons.org/starwars.wikia.com/resource/Corellian_butterfly,http://dbkwik.webdatacommons.org/swg.wikia.com/resource/Corellian_Butterfly,,,,left_only
391,391,http://dbkwik.webdatacommons.org/starwars.wikia.com/resource/Air_cake,http://dbkwik.webdatacommons.org/swg.wikia.com/resource/Air_Cake,,,,left_only
393,393,http://dbkwik.webdatacommons.org/starwars.wikia.com/property/hair,http://dbkwik.webdatacommons.org/swg.wikia.com/property/hair,,,,left_only
394,394,http://dbkwik.webdatacommons.org/starwars.wikia.com/resource/Cryo_lance,http://dbkwik.webdatacommons.org/swg.wikia.com/resource/Cryo_Lance,,,,left_only
397,397,http://dbkwik.webdatacommons.org/starwars.wikia.com/resource/HH-15_torpedo,http://dbkwik.webdatacommons.org/swg.wikia.com/resource/HH-15_Torpedo_Warhead,,,,left_only
398,398,http://dbkwik.webdatacommons.org/starwars.wikia.com/resource/Cora_(Human),http://dbkwik.webdatacommons.org/swg.wikia.com/resource/Speak_with_Cora,,,,left_only
400,400,http://dbkwik.webdatacommons.org/starwars.wikia.com/resource/Kilnstrider,http://dbkwik.webdatacommons.org/swg.wikia.com/resource/Admiral_Kilnstrider,,,,left_only
402,402,http://dbkwik.webdatacommons.org/starwars.wikia.com/resource/Commendation,http://dbkwik.webdatacommons.org/swg.wikia.com/resource/Commendations,,,,left_only
408,408,http://dbkwik.webdatacommons.org/starwars.wikia.com/resource/Faeto,http://dbkwik.webdatacommons.org/swg.wikia.com/resource/Faeto%27s_Job,,,,left_only
409,409,http://dbkwik.webdatacommons.org/starwars.wikia.com/resource/Gurnst,http://dbkwik.webdatacommons.org/swg.wikia.com/resource/Colonel_Gurnst,,,,left_only
411,411,http://dbkwik.webdatacommons.org/starwars.wikia.com/resource/Mysterious_Shrine,http://dbkwik.webdatacommons.org/swg.wikia.com/resource/Mysterious_Shrines,,,,left_only
412,412,http://dbkwik.webdatacommons.org/starwars.wikia.com/resource/P8_Lamprey_pistol,http://dbkwik.webdatacommons.org/swg.wikia.com/resource/P-8_Lamprey_Pistol,,,,left_only
414,414,http://dbkwik.webdatacommons.org/starwars.wikia.com/resource/Galactic_Vacant_Building_Demolitions,http://dbkwik.webdatacommons.org/swg.wikia.com/resource/House_Demolition_Program,,,,left_only
415,415,http://dbkwik.webdatacommons.org/starwars.wikia.com/resource/Enchanting_Lure,http://dbkwik.webdatacommons.org/swg.wikia.com/resource/Enchanting_Lore,,,,left_only
421,421,http://dbkwik.webdatacommons.org/starwars.wikia.com/resource/Dunir_Signos,http://dbkwik.webdatacommons.org/swg.wikia.com/resource/Find_Dunir,,,,left_only
422,422,http://dbkwik.webdatacommons.org/starwars.wikia.com/resource/Buzz-knuck,http://dbkwik.webdatacommons.org/swg.wikia.com/resource/Buzz-Knuck,,,,left_only
423,423,http://dbkwik.webdatacommons.org/starwars.wikia.com/resource/Wookiee-ookiee,http://dbkwik.webdatacommons.org/swg.wikia.com/resource/Decorative_Wookiee-ookiees,,,,left_only
426,426,http://dbkwik.webdatacommons.org/starwars.wikia.com/resource/Aurilian_fruit,http://dbkwik.webdatacommons.org/swg.wikia.com/resource/Aurilian_Fruit,,,,left_only
428,428,http://dbkwik.webdatacommons.org/starwars.wikia.com/resource/HK-77,http://dbkwik.webdatacommons.org/swg.wikia.com/resource/HK-77_assault_droid,,,,left_only
429,429,http://dbkwik.webdatacommons.org/starwars.wikia.com/resource/ESPY_E.R._Droid,http://dbkwik.webdatacommons.org/swg.wikia.com/resource/ESPY_E.R._droid,,,,left_only
430,430,http://dbkwik.webdatacommons.org/starwars.wikia.com/resource/BT310_Quadra,http://dbkwik.webdatacommons.org/swg.wikia.com/resource/Balta-Trabaat_BT310_Podracer,,,,left_only
432,432,http://dbkwik.webdatacommons.org/starwars.wikia.com/resource/Corellian_scavenge_rat,http://dbkwik.webdatacommons.org/swg.wikia.com/resource/Scavenger_Rat,,,,left_only
433,433,http://dbkwik.webdatacommons.org/starwars.wikia.com/resource/Finned_blaggart,http://dbkwik.webdatacommons.org/swg.wikia.com/resource/Finned_Blaggart,,,,left_only
435,435,http://dbkwik.webdatacommons.org/starwars.wikia.com/resource/Menddle,http://dbkwik.webdatacommons.org/swg.wikia.com/resource/Master_Pilot_Menddle,,,,left_only
436,436,http://dbkwik.webdatacommons.org/starwars.wikia.com/resource/Neonan_red_cheese,http://dbkwik.webdatacommons.org/swg.wikia.com/resource/Neonan_Red_Cheese,,,,left_only
442,442,http://dbkwik.webdatacommons.org/starwars.wikia.com/resource/Chunkers,http://dbkwik.webdatacommons.org/swg.wikia.com/resource/Chunker_Gang,,,,left_only
444,444,http://dbkwik.webdatacommons.org/starwars.wikia.com/resource/Sith_mask,http://dbkwik.webdatacommons.org/swg.wikia.com/resource/A_Sith_Mask,,,,left_only
445,445,http://dbkwik.webdatacommons.org/starwars.wikia.com/resource/Galactic_Gathering_House_Painting,http://dbkwik.webdatacommons.org/swg.wikia.com/resource/Galactic_Gathering_2011_(painting),,,,left_only
448,448,http://dbkwik.webdatacommons.org/starwars.wikia.com/resource/Homing_beacon/Legends,http://dbkwik.webdatacommons.org/swg.wikia.com/resource/Homing_Beacon,,,,left_only
454,454,http://dbkwik.webdatacommons.org/starwars.wikia.com/resource/D%27krn,http://dbkwik.webdatacommons.org/swg.wikia.com/resource/Commander_D%27Krn,,,,left_only
455,455,http://dbkwik.webdatacommons.org/starwars.wikia.com/resource/Carrion_spat,http://dbkwik.webdatacommons.org/swg.wikia.com/resource/Carrion_Spat,,,,left_only
458,458,http://dbkwik.webdatacommons.org/starwars.wikia.com/resource/Alozen,http://dbkwik.webdatacommons.org/swg.wikia.com/resource/Field_Commander_Alozen,,,,left_only
462,462,http://dbkwik.webdatacommons.org/starwars.wikia.com/resource/Bloodguard,http://dbkwik.webdatacommons.org/swg.wikia.com/resource/Death_Watch_Bloodguard,,,,left_only
467,467,http://dbkwik.webdatacommons.org/starwars.wikia.com/resource/The_Blue_Leaf_Temple,http://dbkwik.webdatacommons.org/swg.wikia.com/resource/Painting_of_the_Blue_Leaf_Temple,,,,left_only
468,468,http://dbkwik.webdatacommons.org/starwars.wikia.com/class/pet,http://dbkwik.webdatacommons.org/swg.wikia.com/class/pets,,,,left_only
470,470,http://dbkwik.webdatacommons.org/starwars.wikia.com/resource/Bin_Huusir,http://dbkwik.webdatacommons.org/swg.wikia.com/resource/Flim%27s_Correspondance,,,,left_only
472,472,http://dbkwik.webdatacommons.org/starwars.wikia.com/resource/Fishing_pole,http://dbkwik.webdatacommons.org/swg.wikia.com/resource/Fishing_Pole,,,,left_only
477,477,http://dbkwik.webdatacommons.org/starwars.wikia.com/resource/Cult_of_Lord_Nyax,http://dbkwik.webdatacommons.org/swg.wikia.com/resource/Nyax_Cultists,,,,left_only
482,482,http://dbkwik.webdatacommons.org/starwars.wikia.com/resource/Rebel_flight_suit,http://dbkwik.webdatacommons.org/swg.wikia.com/resource/Rebel_Life_Support_Flight_Suit,,,,left_only
483,483,http://dbkwik.webdatacommons.org/starwars.wikia.com/resource/Anti-Riot_Tangle_Gun_7,http://dbkwik.webdatacommons.org/swg.wikia.com/resource/Tangle_Pistol,,,,left_only
485,485,http://dbkwik.webdatacommons.org/starwars.wikia.com/resource/Jinkins,http://dbkwik.webdatacommons.org/swg.wikia.com/resource/Find_Jinkins,,,,left_only
486,486,http://dbkwik.webdatacommons.org/starwars.wikia.com/resource/Model_434_blaster_pistol,http://dbkwik.webdatacommons.org/swg.wikia.com/resource/Death-Hammer_Pistol,,,,left_only
487,487,http://dbkwik.webdatacommons.org/starwars.wikia.com/resource/Sinis,http://dbkwik.webdatacommons.org/swg.wikia.com/resource/Talk_to_Sinis_in_Tyrena,,,,left_only
489,489,http://dbkwik.webdatacommons.org/starwars.wikia.com/resource/Jedi,http://dbkwik.webdatacommons.org/swg.wikia.com/resource/Jedi,,,,left_only
493,493,http://dbkwik.webdatacommons.org/starwars.wikia.com/resource/Lightning_beam_cannon,http://dbkwik.webdatacommons.org/swg.wikia.com/resource/Lightning_Beam_Cannon,,,,left_only
494,494,http://dbkwik.webdatacommons.org/starwars.wikia.com/resource/Tchotchee_pistol,http://dbkwik.webdatacommons.org/swg.wikia.com/resource/Tchotchee_Pistol,,,,left_only
495,495,http://dbkwik.webdatacommons.org/starwars.wikia.com/resource/Darksting_assassin,http://dbkwik.webdatacommons.org/swg.wikia.com/resource/Darksting_Assassin,,,,left_only
496,496,http://dbkwik.webdatacommons.org/starwars.wikia.com/resource/Relgon_Starkill,http://dbkwik.webdatacommons.org/swg.wikia.com/resource/Captain_Relgon_Starkill,,,,left_only
498,498,http://dbkwik.webdatacommons.org/starwars.wikia.com/resource/Rikkh,http://dbkwik.webdatacommons.org/swg.wikia.com/resource/Captain_Rikkh,,,,left_only
499,499,http://dbkwik.webdatacommons.org/starwars.wikia.com/resource/Beamrail_Gauss_Cannon,http://dbkwik.webdatacommons.org/swg.wikia.com/resource/Corellian_Beamrail_Gauss_Cannon,,,,left_only
502,502,http://dbkwik.webdatacommons.org/starwars.wikia.com/resource/Great_Tree_(Kashyyyk),http://dbkwik.webdatacommons.org/swg.wikia.com/resource/Great_Tree,,,,left_only
505,505,http://dbkwik.webdatacommons.org/starwars.wikia.com/resource/Codoan_Copper,http://dbkwik.webdatacommons.org/swg.wikia.com/resource/Codoan_copper,,,,left_only
507,507,http://dbkwik.webdatacommons.org/starwars.wikia.com/resource/Dolovite/Legends,http://dbkwik.webdatacommons.org/swg.wikia.com/resource/A_Dolovite_Mask,,,,left_only
519,519,http://dbkwik.webdatacommons.org/starwars.wikia.com/resource/Vercupti_of_sgazza_boleruueé,http://dbkwik.webdatacommons.org/swg.wikia.com/resource/Vercupti_of_Agazza_Boleruuee,,,,left_only
524,524,http://dbkwik.webdatacommons.org/starwars.wikia.com/resource/Core_bomb,http://dbkwik.webdatacommons.org/swg.wikia.com/resource/Core_Bomb_(card),,,,left_only
526,526,http://dbkwik.webdatacommons.org/starwars.wikia.com/resource/Foodstuff/Legends,http://dbkwik.webdatacommons.org/swg.wikia.com/resource/Food,,,,left_only
527,527,http://dbkwik.webdatacommons.org/starwars.wikia.com/resource/Lesser_Sarlacc_of_Dathomir,http://dbkwik.webdatacommons.org/swg.wikia.com/resource/Lesser_Sarlacc,,,,left_only
531,531,http://dbkwik.webdatacommons.org/starwars.wikia.com/resource/M12-L_Kimogila_heavy_fighter,http://dbkwik.webdatacommons.org/swg.wikia.com/resource/MandalMotors_M12-L_%22Kimogila%22_Multi-role_Starfighter,,,,left_only
532,532,http://dbkwik.webdatacommons.org/starwars.wikia.com/resource/Drall_Patriots,http://dbkwik.webdatacommons.org/swg.wikia.com/resource/Drall,,,,left_only
533,533,http://dbkwik.webdatacommons.org/starwars.wikia.com/resource/GR-75_medium_transport/Legends,http://dbkwik.webdatacommons.org/swg.wikia.com/resource/Gallofree_Medium_Transport,,,,left_only
535,535,http://dbkwik.webdatacommons.org/starwars.wikia.com/resource/Andal_Sait,http://dbkwik.webdatacommons.org/swg.wikia.com/resource/Grand_Admiral_Sait,,,,left_only
536,536,http://dbkwik.webdatacommons.org/starwars.wikia.com/property/weight,http://dbkwik.webdatacommons.org/swg.wikia.com/property/weight,,,,left_only
549,549,http://dbkwik.webdatacommons.org/starwars.wikia.com/resource/Maldien,http://dbkwik.webdatacommons.org/swg.wikia.com/resource/Coronet_Murmurs:_The_Head_Doctor,,,,left_only
551,551,http://dbkwik.webdatacommons.org/starwars.wikia.com/resource/Dulios,http://dbkwik.webdatacommons.org/swg.wikia.com/resource/Commander_Dulios,,,,left_only
555,555,http://dbkwik.webdatacommons.org/starwars.wikia.com/resource/Camp_Gamma,"http://dbkwik.webdatacommons.org/swg.wikia.com/resource/Forward_Watch,_Gamma_Camp",,,,left_only
561,561,http://dbkwik.webdatacommons.org/starwars.wikia.com/resource/Tusken_relic_cave,http://dbkwik.webdatacommons.org/swg.wikia.com/resource/Tusken_Relic_Cave,,,,left_only
563,563,http://dbkwik.webdatacommons.org/starwars.wikia.com/resource/Okto,"http://dbkwik.webdatacommons.org/swg.wikia.com/resource/Secure_Restuss,_Boss_(Imperial)",,,,left_only
569,569,http://dbkwik.webdatacommons.org/starwars.wikia.com/resource/Maulers,http://dbkwik.webdatacommons.org/swg.wikia.com/resource/Mauler,,,,left_only
570,570,http://dbkwik.webdatacommons.org/starwars.wikia.com/resource/Crystal_snake,http://dbkwik.webdatacommons.org/swg.wikia.com/resource/Crystal_Snake,,,,left_only
571,571,http://dbkwik.webdatacommons.org/starwars.wikia.com/resource/Nova_crystal/Legends,http://dbkwik.webdatacommons.org/swg.wikia.com/resource/Rare_Nova_Crystal,,,,left_only
574,574,http://dbkwik.webdatacommons.org/starwars.wikia.com/resource/Luhin_Jinnor,http://dbkwik.webdatacommons.org/swg.wikia.com/resource/Warrant_Officer_Luhin_Jinnor,,,,left_only
576,576,http://dbkwik.webdatacommons.org/starwars.wikia.com/class/weapon,http://dbkwik.webdatacommons.org/swg.wikia.com/class/weapon,,,,left_only
577,577,http://dbkwik.webdatacommons.org/starwars.wikia.com/property/weapons,http://dbkwik.webdatacommons.org/swg.wikia.com/property/weapons,,,,left_only
578,578,http://dbkwik.webdatacommons.org/starwars.wikia.com/resource/Forage_worm,http://dbkwik.webdatacommons.org/swg.wikia.com/resource/Forage_Worm,,,,left_only
579,579,http://dbkwik.webdatacommons.org/starwars.wikia.com/resource/Heavy_acid_rifle,http://dbkwik.webdatacommons.org/swg.wikia.com/resource/Heavy_Acid_Rifle,,,,left_only
582,582,http://dbkwik.webdatacommons.org/starwars.wikia.com/resource/Ezkiel,http://dbkwik.webdatacommons.org/swg.wikia.com/resource/Brother_Ezkiel,,,,left_only
584,584,http://dbkwik.webdatacommons.org/starwars.wikia.com/resource/Life_Day_orb,http://dbkwik.webdatacommons.org/swg.wikia.com/resource/Wookiee_Life_Day_Orb,,,,left_only
585,585,http://dbkwik.webdatacommons.org/starwars.wikia.com/resource/Rohd_Gostervek,http://dbkwik.webdatacommons.org/swg.wikia.com/resource/Captain_Rohd_Gostervek,,,,left_only
589,589,http://dbkwik.webdatacommons.org/starwars.wikia.com/resource/UR-G8_pistol,http://dbkwik.webdatacommons.org/swg.wikia.com/resource/UR-G8_Pistol,,,,left_only
590,590,http://dbkwik.webdatacommons.org/starwars.wikia.com/resource/Corellian_fried_ice_cream,http://dbkwik.webdatacommons.org/swg.wikia.com/resource/Corellian_Fried_Ice_Cream_(Schematic),,,,left_only
593,593,http://dbkwik.webdatacommons.org/starwars.wikia.com/resource/Mandalorian_wine,http://dbkwik.webdatacommons.org/swg.wikia.com/resource/Mandalorian_Wine_(Schematic),,,,left_only
600,600,http://dbkwik.webdatacommons.org/starwars.wikia.com/property/gender,http://dbkwik.webdatacommons.org/swg.wikia.com/property/gender,,,,left_only
608,608,http://dbkwik.webdatacommons.org/starwars.wikia.com/resource/Kashyyyk_stalker_pistol,http://dbkwik.webdatacommons.org/swg.wikia.com/resource/Kashyyyk_Stalker_Pistol,,,,left_only
609,609,http://dbkwik.webdatacommons.org/starwars.wikia.com/resource/Smuggler_base,http://dbkwik.webdatacommons.org/swg.wikia.com/resource/Gather_the_Missing,,,,left_only
611,611,http://dbkwik.webdatacommons.org/starwars.wikia.com/resource/Kommerken_steak,http://dbkwik.webdatacommons.org/swg.wikia.com/resource/Kommerken_Steak,,,,left_only
615,615,http://dbkwik.webdatacommons.org/starwars.wikia.com/resource/Bantha_rump,http://dbkwik.webdatacommons.org/swg.wikia.com/resource/Bantha_Surprise_Recipe,,,,left_only
616,616,http://dbkwik.webdatacommons.org/starwars.wikia.com/resource/Beam_rifle,http://dbkwik.webdatacommons.org/swg.wikia.com/resource/Beam_Rifle,,,,left_only
621,621,http://dbkwik.webdatacommons.org/starwars.wikia.com/resource/Bordok/Legends,http://dbkwik.webdatacommons.org/swg.wikia.com/resource/Bordok,,,,left_only
622,622,http://dbkwik.webdatacommons.org/starwars.wikia.com/resource/Central_volcano,http://dbkwik.webdatacommons.org/swg.wikia.com/resource/The_Central_Volcano,,,,left_only
624,624,http://dbkwik.webdatacommons.org/starwars.wikia.com/property/location,http://dbkwik.webdatacommons.org/swg.wikia.com/property/location,,,,left_only
630,630,http://dbkwik.webdatacommons.org/starwars.wikia.com/resource/DX-2_disruptor_pistol/Legends,http://dbkwik.webdatacommons.org/swg.wikia.com/resource/DX2_Pistol,,,,left_only
631,631,http://dbkwik.webdatacommons.org/starwars.wikia.com/resource/Kai_tok,http://dbkwik.webdatacommons.org/swg.wikia.com/resource/Kai_Tok,,,,left_only
635,635,http://dbkwik.webdatacommons.org/starwars.wikia.com/resource/Elite_carbine,http://dbkwik.webdatacommons.org/swg.wikia.com/resource/Elite_Carbine,,,,left_only
636,636,http://dbkwik.webdatacommons.org/starwars.wikia.com/resource/KYD-21_blaster_pistol,http://dbkwik.webdatacommons.org/swg.wikia.com/resource/KYD21_Pistol,,,,left_only
640,640,http://dbkwik.webdatacommons.org/starwars.wikia.com/resource/Cybernetics/Legends,http://dbkwik.webdatacommons.org/swg.wikia.com/resource/Cybernetic,,,,left_only
641,641,http://dbkwik.webdatacommons.org/starwars.wikia.com/resource/Razor_cat,http://dbkwik.webdatacommons.org/swg.wikia.com/resource/Razor_Cat,,,,left_only
642,642,http://dbkwik.webdatacommons.org/starwars.wikia.com/resource/Ruby_bliel,http://dbkwik.webdatacommons.org/swg.wikia.com/resource/Ruby_Bliel,,,,left_only
644,644,http://dbkwik.webdatacommons.org/starwars.wikia.com/resource/AEG-77_Vigo,http://dbkwik.webdatacommons.org/swg.wikia.com/resource/Black_Sun_AEG-77_Vigo_Gunship,,,,left_only
647,647,http://dbkwik.webdatacommons.org/starwars.wikia.com/resource/Kyran_Silene,http://dbkwik.webdatacommons.org/swg.wikia.com/resource/Head_Back_to_Kyran_Silene,,,,left_only
665,665,http://dbkwik.webdatacommons.org/starwars.wikia.com/resource/Ha%27zel,http://dbkwik.webdatacommons.org/swg.wikia.com/resource/Witches_of_Dathomir_-_Crafting,,,,left_only
666,666,http://dbkwik.webdatacommons.org/starwars.wikia.com/resource/Meson_taloscope,http://dbkwik.webdatacommons.org/swg.wikia.com/resource/Meson_Taloscope,,,,left_only
668,668,http://dbkwik.webdatacommons.org/starwars.wikia.com/resource/Ion_blaster/Legends,http://dbkwik.webdatacommons.org/swg.wikia.com/resource/Jawa_Ion_Rifle,,,,left_only
673,673,http://dbkwik.webdatacommons.org/starwars.wikia.com/resource/Ellis_Arrison,http://dbkwik.webdatacommons.org/swg.wikia.com/resource/Officer_Mission_1,,,,left_only
674,674,http://dbkwik.webdatacommons.org/starwars.wikia.com/resource/Mon_Calamari_Eye_2,http://dbkwik.webdatacommons.org/swg.wikia.com/resource/Painting_of_A_Mon_Calamari_eye_2,,,,left_only
678,678,http://dbkwik.webdatacommons.org/starwars.wikia.com/resource/Eom_Nia,http://dbkwik.webdatacommons.org/swg.wikia.com/resource/Officer_Mission_2,,,,left_only
686,686,http://dbkwik.webdatacommons.org/starwars.wikia.com/resource/Reinforced_combat_staff,http://dbkwik.webdatacommons.org/swg.wikia.com/resource/Reinforced_Combat_Staff,,,,left_only
688,688,http://dbkwik.webdatacommons.org/starwars.wikia.com/resource/RIC-series_general_labor_droid/Legends,http://dbkwik.webdatacommons.org/swg.wikia.com/resource/RIC-920_Rickshaw,,,,left_only
691,691,http://dbkwik.webdatacommons.org/starwars.wikia.com/resource/Charric,http://dbkwik.webdatacommons.org/swg.wikia.com/resource/Charric_Carbine,,,,left_only
695,695,http://dbkwik.webdatacommons.org/starwars.wikia.com/resource/Imperial_Base_(Corellia),http://dbkwik.webdatacommons.org/swg.wikia.com/resource/Wedge_Antilles,,,,left_only
696,696,http://dbkwik.webdatacommons.org/starwars.wikia.com/resource/Luthin_Dlunar,http://dbkwik.webdatacommons.org/swg.wikia.com/resource/Luthin,,,,left_only
701,701,http://dbkwik.webdatacommons.org/starwars.wikia.com/resource/Melnea_Arnthout,http://dbkwik.webdatacommons.org/swg.wikia.com/resource/Arnthout%27s_Armor,,,,left_only
702,702,http://dbkwik.webdatacommons.org/starwars.wikia.com/resource/Durindfire_(beverage),http://dbkwik.webdatacommons.org/swg.wikia.com/resource/Durindfire,,,,left_only
707,707,http://dbkwik.webdatacommons.org/starwars.wikia.com/resource/Levardio,http://dbkwik.webdatacommons.org/swg.wikia.com/resource/Staff_Sergeant_Levardio,,,,left_only
715,715,http://dbkwik.webdatacommons.org/starwars.wikia.com/resource/Power_chair,http://dbkwik.webdatacommons.org/swg.wikia.com/resource/Mechno_Chair,,,,left_only
719,719,http://dbkwik.webdatacommons.org/starwars.wikia.com/property/region,http://dbkwik.webdatacommons.org/swg.wikia.com/property/region,,,,left_only
721,721,http://dbkwik.webdatacommons.org/starwars.wikia.com/property/type,http://dbkwik.webdatacommons.org/swg.wikia.com/property/type,,,,left_only
723,723,http://dbkwik.webdatacommons.org/starwars.wikia.com/resource/Kiki_Dorente,http://dbkwik.webdatacommons.org/swg.wikia.com/resource/Talk_to_Kiki,,,,left_only
727,727,http://dbkwik.webdatacommons.org/starwars.wikia.com/resource/Jawa_ion_pistol,http://dbkwik.webdatacommons.org/swg.wikia.com/resource/Jawa_Ion_Pistol,,,,left_only
734,734,http://dbkwik.webdatacommons.org/starwars.wikia.com/resource/Camp_Delta,"http://dbkwik.webdatacommons.org/swg.wikia.com/resource/Forward_Watch,_Delta_Camp",,,,left_only
736,736,http://dbkwik.webdatacommons.org/starwars.wikia.com/resource/Jasha,http://dbkwik.webdatacommons.org/swg.wikia.com/resource/Captain_Jasha,,,,left_only
737,737,http://dbkwik.webdatacommons.org/starwars.wikia.com/resource/Raev,http://dbkwik.webdatacommons.org/swg.wikia.com/resource/Major_Raev,,,,left_only
739,739,http://dbkwik.webdatacommons.org/starwars.wikia.com/resource/Scout_trooper_blaster_pistol,http://dbkwik.webdatacommons.org/swg.wikia.com/resource/Scout_Blaster,,,,left_only
740,740,http://dbkwik.webdatacommons.org/starwars.wikia.com/resource/Unidentified_Death_Watch_Overlord,http://dbkwik.webdatacommons.org/swg.wikia.com/resource/Death_Watch_Overlord,,,,left_only
741,741,http://dbkwik.webdatacommons.org/starwars.wikia.com/resource/Vo%27karr_Er_To,http://dbkwik.webdatacommons.org/swg.wikia.com/resource/Vo%27karr_Er_To_(Convict),,,,left_only
743,743,http://dbkwik.webdatacommons.org/starwars.wikia.com/resource/DNA/Legends,http://dbkwik.webdatacommons.org/swg.wikia.com/resource/DNA,,,,left_only
747,747,http://dbkwik.webdatacommons.org/starwars.wikia.com/resource/Ultragungans,http://dbkwik.webdatacommons.org/swg.wikia.com/resource/Ultragungan_Soldiers,,,,left_only
748,748,http://dbkwik.webdatacommons.org/starwars.wikia.com/resource/Life_Day_robes,http://dbkwik.webdatacommons.org/swg.wikia.com/resource/Wookiee_Life_Day_Robe,,,,left_only
751,751,http://dbkwik.webdatacommons.org/starwars.wikia.com/resource/Xantha,http://dbkwik.webdatacommons.org/swg.wikia.com/resource/Xantha_(Schematic),,,,left_only
752,752,http://dbkwik.webdatacommons.org/starwars.wikia.com/resource/Jawa_beer,http://dbkwik.webdatacommons.org/swg.wikia.com/resource/Jawa_Beer,,,,left_only
758,758,http://dbkwik.webdatacommons.org/starwars.wikia.com/resource/Anetia_Kah%27ryn,http://dbkwik.webdatacommons.org/swg.wikia.com/resource/Anetia_Kah’ryn,,,,left_only
759,759,http://dbkwik.webdatacommons.org/starwars.wikia.com/resource/Gunham,http://dbkwik.webdatacommons.org/swg.wikia.com/resource/Commander_Gunham,,,,left_only
760,760,http://dbkwik.webdatacommons.org/starwars.wikia.com/resource/TIE_Sentinel,http://dbkwik.webdatacommons.org/swg.wikia.com/resource/Emperor%27s_Eyes_(TIE_Sentinel),,,,left_only
763,763,http://dbkwik.webdatacommons.org/starwars.wikia.com/resource/Decider,http://dbkwik.webdatacommons.org/swg.wikia.com/resource/Meatlump_Rank,,,,left_only
768,768,http://dbkwik.webdatacommons.org/starwars.wikia.com/resource/Taarna,http://dbkwik.webdatacommons.org/swg.wikia.com/resource/CorSec_Agent_Taarna,,,,left_only
770,770,http://dbkwik.webdatacommons.org/starwars.wikia.com/resource/Gift_Giving_Wookiees,http://dbkwik.webdatacommons.org/swg.wikia.com/resource/Life_Day_Painting_(Gift_giving_Wookiees),,,,left_only
771,771,http://dbkwik.webdatacommons.org/starwars.wikia.com/resource/M3-A_Scyk_fighter,http://dbkwik.webdatacommons.org/swg.wikia.com/resource/MandalMotors_M3-A_%22Scyk%22_Interceptor,,,,left_only
774,774,http://dbkwik.webdatacommons.org/starwars.wikia.com/resource/Laetin_A%27shera,http://dbkwik.webdatacommons.org/swg.wikia.com/resource/Laetin_A%27Shera,,,,left_only
780,780,http://dbkwik.webdatacommons.org/starwars.wikia.com/resource/Jenson,http://dbkwik.webdatacommons.org/swg.wikia.com/resource/Missing_Brother,,,,left_only
787,787,http://dbkwik.webdatacommons.org/starwars.wikia.com/resource/Arven_Wendik,http://dbkwik.webdatacommons.org/swg.wikia.com/resource/Captain_Arven_Wendk,,,,left_only
789,789,http://dbkwik.webdatacommons.org/starwars.wikia.com/resource/Gramm_Rile,http://dbkwik.webdatacommons.org/swg.wikia.com/resource/Mayor_Gramm_Rile,,,,left_only
790,790,http://dbkwik.webdatacommons.org/starwars.wikia.com/resource/Ja%27ce_Yiaso,http://dbkwik.webdatacommons.org/swg.wikia.com/resource/Grand_Inquisitor_Ja%27ce_Yiaso,,,,left_only
791,791,http://dbkwik.webdatacommons.org/starwars.wikia.com/resource/Pol_Handerin,http://dbkwik.webdatacommons.org/swg.wikia.com/resource/Help_Farmer_Pol_Handerin,,,,left_only
794,794,http://dbkwik.webdatacommons.org/starwars.wikia.com/resource/Imperial_Spec_Ops_Officer_armor,http://dbkwik.webdatacommons.org/swg.wikia.com/resource/Imperial_Spec_Ops_armour,,,,left_only
800,800,http://dbkwik.webdatacommons.org/starwars.wikia.com/resource/Kloo_horn/Legends,http://dbkwik.webdatacommons.org/swg.wikia.com/resource/Kloo_Horn_(Schematic),,,,left_only
809,809,http://dbkwik.webdatacommons.org/starwars.wikia.com/property/affiliation,http://dbkwik.webdatacommons.org/swg.wikia.com/property/affiliation,,,,left_only
811,811,http://dbkwik.webdatacommons.org/starwars.wikia.com/resource/Kylaena,http://dbkwik.webdatacommons.org/swg.wikia.com/resource/Kylaena_(Assassin),,,,left_only
814,814,http://dbkwik.webdatacommons.org/starwars.wikia.com/resource/Vibroknuckler,http://dbkwik.webdatacommons.org/swg.wikia.com/resource/Vibro_Knuckler,,,,left_only
815,815,http://dbkwik.webdatacommons.org/starwars.wikia.com/resource/Empire_Day/Legends,http://dbkwik.webdatacommons.org/swg.wikia.com/resource/Empire_Day,,,,left_only
818,818,http://dbkwik.webdatacommons.org/starwars.wikia.com/resource/KSE_Firespray,http://dbkwik.webdatacommons.org/swg.wikia.com/resource/Painting_Container,,,,left_only
820,820,http://dbkwik.webdatacommons.org/starwars.wikia.com/property/planet,http://dbkwik.webdatacommons.org/swg.wikia.com/property/planet,,,,left_only
821,821,http://dbkwik.webdatacommons.org/starwars.wikia.com/resource/Jawa/Legends,http://dbkwik.webdatacommons.org/swg.wikia.com/resource/Jawa,,,,left_only
822,822,http://dbkwik.webdatacommons.org/starwars.wikia.com/resource/IG-227_Hailfire-class_droid_tank/Legends,http://dbkwik.webdatacommons.org/swg.wikia.com/resource/Hailfire_Droid,,,,left_only
823,823,http://dbkwik.webdatacommons.org/starwars.wikia.com/class/character,http://dbkwik.webdatacommons.org/swg.wikia.com/class/character,,,,left_only
824,824,http://dbkwik.webdatacommons.org/starwars.wikia.com/resource/Moore,http://dbkwik.webdatacommons.org/swg.wikia.com/resource/Speak_with_Sergeant_Moore,,,,left_only
827,827,http://dbkwik.webdatacommons.org/starwars.wikia.com/class/starship_class,http://dbkwik.webdatacommons.org/swg.wikia.com/class/starship,,,,left_only
828,828,http://dbkwik.webdatacommons.org/starwars.wikia.com/resource/Horned_dewback,http://dbkwik.webdatacommons.org/swg.wikia.com/resource/Mutated_Dewback,,,,left_only
830,830,http://dbkwik.webdatacommons.org/starwars.wikia.com/resource/Sundria_Khartoor,http://dbkwik.webdatacommons.org/swg.wikia.com/resource/Report_to_Lt._Sundria_Khartoor,,,,left_only
837,837,http://dbkwik.webdatacommons.org/starwars.wikia.com/resource/Brody_Johnson,http://dbkwik.webdatacommons.org/swg.wikia.com/resource/Johnson_Smith,,,,left_only
838,838,http://dbkwik.webdatacommons.org/starwars.wikia.com/resource/Zicx-bug_bomb,http://dbkwik.webdatacommons.org/swg.wikia.com/resource/Zicx_Bug_Bomb_quest,,,,left_only
845,845,http://dbkwik.webdatacommons.org/starwars.wikia.com/resource/Garyn_Raiders,http://dbkwik.webdatacommons.org/swg.wikia.com/resource/Garyn,,,,left_only
850,850,http://dbkwik.webdatacommons.org/starwars.wikia.com/resource/Renegade_heavy_blaster_pistol,http://dbkwik.webdatacommons.org/swg.wikia.com/resource/Renegade_Pistol,,,,left_only
852,852,http://dbkwik.webdatacommons.org/starwars.wikia.com/resource/Sniper/Legends,http://dbkwik.webdatacommons.org/swg.wikia.com/resource/Marksman,,,,left_only
853,853,http://dbkwik.webdatacommons.org/starwars.wikia.com/resource/CR-1_blaster_cannon/Legends,http://dbkwik.webdatacommons.org/swg.wikia.com/resource/CR-1_Blast_Cannon,,,,left_only
856,856,http://dbkwik.webdatacommons.org/starwars.wikia.com/resource/Janta_knife,http://dbkwik.webdatacommons.org/swg.wikia.com/resource/Janta_Knife,,,,left_only
858,858,http://dbkwik.webdatacommons.org/starwars.wikia.com/resource/Lok_Marathon,http://dbkwik.webdatacommons.org/swg.wikia.com/resource/Lok_Marathon_Race,,,,left_only
869,869,http://dbkwik.webdatacommons.org/starwars.wikia.com/property/role,http://dbkwik.webdatacommons.org/swg.wikia.com/property/role,,,,left_only
871,871,http://dbkwik.webdatacommons.org/starwars.wikia.com/resource/Delia_Visi,http://dbkwik.webdatacommons.org/swg.wikia.com/resource/Delia_Visi_(Terrorist),,,,left_only
883,883,http://dbkwik.webdatacommons.org/starwars.wikia.com/resource/Singing_Mountain_Clan_Stronghold,http://dbkwik.webdatacommons.org/swg.wikia.com/resource/Singing_Mountain_Clan_Cave,,,,left_only
885,885,http://dbkwik.webdatacommons.org/starwars.wikia.com/resource/Deep_woods_poachers,http://dbkwik.webdatacommons.org/swg.wikia.com/resource/Deep_Woods_Poacher,,,,left_only
886,886,http://dbkwik.webdatacommons.org/starwars.wikia.com/resource/Ramna,http://dbkwik.webdatacommons.org/swg.wikia.com/resource/Commander_Ramna,,,,left_only
888,888,http://dbkwik.webdatacommons.org/starwars.wikia.com/resource/Kashyyykian_black_mountain_armor,http://dbkwik.webdatacommons.org/swg.wikia.com/resource/Kashyyykian_Black_Mountain_armor,,,,left_only
890,890,http://dbkwik.webdatacommons.org/starwars.wikia.com/property/caption,http://dbkwik.webdatacommons.org/swg.wikia.com/property/caption,,,,left_only
891,891,http://dbkwik.webdatacommons.org/starwars.wikia.com/resource/Jag_Silon,http://dbkwik.webdatacommons.org/swg.wikia.com/resource/Jag_Silon_(G.V.B.D.M_Rewards),,,,left_only
892,892,http://dbkwik.webdatacommons.org/starwars.wikia.com/resource/Donsull,http://dbkwik.webdatacommons.org/swg.wikia.com/resource/Sergeant_Donsull,,,,left_only
894,894,http://dbkwik.webdatacommons.org/starwars.wikia.com/resource/Alana_Walden,http://dbkwik.webdatacommons.org/swg.wikia.com/resource/Speak_with_Major_Walden,,,,left_only
895,895,http://dbkwik.webdatacommons.org/starwars.wikia.com/resource/Necklace/Legends,http://dbkwik.webdatacommons.org/swg.wikia.com/resource/Necklace,,,,left_only
896,896,http://dbkwik.webdatacommons.org/starwars.wikia.com/resource/DE-10_blaster_pistol,http://dbkwik.webdatacommons.org/swg.wikia.com/resource/DE-10_Pistol,,,,left_only
897,897,http://dbkwik.webdatacommons.org/starwars.wikia.com/resource/Magseal_detector,http://dbkwik.webdatacommons.org/swg.wikia.com/resource/Warmly_Glowing_Magseal_Detector,,,,left_only
899,899,http://dbkwik.webdatacommons.org/starwars.wikia.com/resource/Darth_Vader_(statuette),http://dbkwik.webdatacommons.org/swg.wikia.com/resource/Darth_Vader_Statuette,,,,left_only
902,902,http://dbkwik.webdatacommons.org/starwars.wikia.com/resource/Barn_Sinkko,http://dbkwik.webdatacommons.org/swg.wikia.com/resource/Lt._Barn_Sinkko,,,,left_only
903,903,http://dbkwik.webdatacommons.org/starwars.wikia.com/resource/DH-17_carbine,http://dbkwik.webdatacommons.org/swg.wikia.com/resource/DH17_Carbine,,,,left_only
905,905,http://dbkwik.webdatacommons.org/starwars.wikia.com/resource/Proton_carbine,http://dbkwik.webdatacommons.org/swg.wikia.com/resource/Proton_Carbine,,,,left_only
906,906,http://dbkwik.webdatacommons.org/starwars.wikia.com/class/game,http://dbkwik.webdatacommons.org/swg.wikia.com/class/game,,,,left_only
911,911,http://dbkwik.webdatacommons.org/starwars.wikia.com/resource/CDEF_rifle,http://dbkwik.webdatacommons.org/swg.wikia.com/resource/CDEF_Rifle,,,,left_only
912,912,http://dbkwik.webdatacommons.org/starwars.wikia.com/resource/Bioengineering/Legends,http://dbkwik.webdatacommons.org/swg.wikia.com/resource/Bio-Engineer,,,,left_only
914,914,http://dbkwik.webdatacommons.org/starwars.wikia.com/resource/Hermit_spider,http://dbkwik.webdatacommons.org/swg.wikia.com/resource/Hermit_Spider,,,,left_only
920,920,http://dbkwik.webdatacommons.org/starwars.wikia.com/resource/Might_of_the_Empire,http://dbkwik.webdatacommons.org/swg.wikia.com/resource/Painting_Might_of_the_Empire,,,,left_only
922,922,http://dbkwik.webdatacommons.org/starwars.wikia.com/resource/Collector/Legends,http://dbkwik.webdatacommons.org/swg.wikia.com/resource/Collection,,,,left_only
924,924,http://dbkwik.webdatacommons.org/starwars.wikia.com/resource/TK-577,http://dbkwik.webdatacommons.org/swg.wikia.com/resource/TK-577_(Deserter),,,,left_only
927,927,http://dbkwik.webdatacommons.org/starwars.wikia.com/resource/Akal_Colzet,http://dbkwik.webdatacommons.org/swg.wikia.com/resource/Lt._Akal_Colzet,,,,left_only
928,928,http://dbkwik.webdatacommons.org/starwars.wikia.com/resource/Luilris_mushroom_pie,http://dbkwik.webdatacommons.org/swg.wikia.com/resource/Luilris_Mushrooms,,,,left_only
929,929,http://dbkwik.webdatacommons.org/starwars.wikia.com/resource/Caleb_Knolar,http://dbkwik.webdatacommons.org/swg.wikia.com/resource/Major_Caleb_Knolar,,,,left_only
930,930,http://dbkwik.webdatacommons.org/starwars.wikia.com/resource/Electric_polearm,http://dbkwik.webdatacommons.org/swg.wikia.com/resource/Electric_Polearm,,,,left_only
932,932,http://dbkwik.webdatacommons.org/starwars.wikia.com/resource/Jespral_Farandan,http://dbkwik.webdatacommons.org/swg.wikia.com/resource/Farandan%27s_datadisk,,,,left_only
933,933,http://dbkwik.webdatacommons.org/starwars.wikia.com/resource/Bola_carbine,http://dbkwik.webdatacommons.org/swg.wikia.com/resource/Special_Ops_Bola_Carbine,,,,left_only
938,938,http://dbkwik.webdatacommons.org/starwars.wikia.com/resource/Rryatt_Ceremonial_Guard,http://dbkwik.webdatacommons.org/swg.wikia.com/resource/Rryatt_ceremonial_guard,,,,left_only
943,943,http://dbkwik.webdatacommons.org/starwars.wikia.com/resource/Corellian_fried_ice_cream_fryer,http://dbkwik.webdatacommons.org/swg.wikia.com/resource/Corellian_Fried_Ice_Cream_Fryer_(Schematic),,,,left_only
950,950,http://dbkwik.webdatacommons.org/starwars.wikia.com/resource/Zucca_boar,http://dbkwik.webdatacommons.org/swg.wikia.com/resource/Zucca_Boar,,,,left_only
956,956,http://dbkwik.webdatacommons.org/starwars.wikia.com/resource/Azure_Cabal,http://dbkwik.webdatacommons.org/swg.wikia.com/resource/The_Azure_Cabal,,,,left_only
959,959,http://dbkwik.webdatacommons.org/starwars.wikia.com/resource/Ceremonial_pipe,http://dbkwik.webdatacommons.org/swg.wikia.com/resource/Wookiee_Ceremonial_Pipe,,,,left_only
965,965,http://dbkwik.webdatacommons.org/starwars.wikia.com/resource/Calypso,http://dbkwik.webdatacommons.org/swg.wikia.com/resource/Calypso_(Music),,,,left_only
966,966,http://dbkwik.webdatacommons.org/starwars.wikia.com/resource/Toff_Henrou,http://dbkwik.webdatacommons.org/swg.wikia.com/resource/Go_to_Toff_Henrou,,,,left_only
969,969,http://dbkwik.webdatacommons.org/starwars.wikia.com/resource/RIS_One-Sheet,http://dbkwik.webdatacommons.org/swg.wikia.com/resource/RIS_One-sheet,,,,left_only
971,971,http://dbkwik.webdatacommons.org/starwars.wikia.com/resource/The_Star_Wars_Holiday_Special,http://dbkwik.webdatacommons.org/swg.wikia.com/resource/Life_Day,,,,left_only
972,972,http://dbkwik.webdatacommons.org/starwars.wikia.com/resource/Cortyg_brandy,http://dbkwik.webdatacommons.org/swg.wikia.com/resource/Cortyg_(Schematic),,,,left_only
976,976,http://dbkwik.webdatacommons.org/starwars.wikia.com/resource/Nycolai_Kinesworthy,http://dbkwik.webdatacommons.org/swg.wikia.com/resource/Doctor_Kinesworthy,,,,left_only
977,977,http://dbkwik.webdatacommons.org/starwars.wikia.com/resource/Acid_stream_launcher,http://dbkwik.webdatacommons.org/swg.wikia.com/resource/Acid_Stream_Launcher,,,,left_only
983,983,http://dbkwik.webdatacommons.org/starwars.wikia.com/resource/Narl,http://dbkwik.webdatacommons.org/swg.wikia.com/resource/Colonel_Narl,,,,left_only
984,984,http://dbkwik.webdatacommons.org/starwars.wikia.com/resource/Flare-S_swoop,http://dbkwik.webdatacommons.org/swg.wikia.com/resource/Flare_S_Swoop,,,,left_only
986,986,http://dbkwik.webdatacommons.org/starwars.wikia.com/resource/Camp_Epsilon,"http://dbkwik.webdatacommons.org/swg.wikia.com/resource/Forward_Watch,_Epsilon_Camp",,,,left_only
995,995,http://dbkwik.webdatacommons.org/starwars.wikia.com/resource/Field_surgeon_ring,http://dbkwik.webdatacommons.org/swg.wikia.com/resource/Field_Surgeon_Ring,,,,left_only
997,997,http://dbkwik.webdatacommons.org/starwars.wikia.com/resource/Power_gem,http://dbkwik.webdatacommons.org/swg.wikia.com/resource/Rare_Power_Gem,,,,left_only
999,999,http://dbkwik.webdatacommons.org/starwars.wikia.com/resource/Vagnerian_canapé,http://dbkwik.webdatacommons.org/swg.wikia.com/resource/Vagnerian_Canape,,,,left_only
1002,1002,http://dbkwik.webdatacommons.org/starwars.wikia.com/resource/Blaster_fist,http://dbkwik.webdatacommons.org/swg.wikia.com/resource/Blaster_Fist,,,,left_only
1006,1006,http://dbkwik.webdatacommons.org/starwars.wikia.com/resource/Dire-cat,http://dbkwik.webdatacommons.org/swg.wikia.com/resource/Dire_Cat,,,,left_only
1008,1008,http://dbkwik.webdatacommons.org/starwars.wikia.com/resource/Desert_Demon_Doll,http://dbkwik.webdatacommons.org/swg.wikia.com/resource/A_Demon_Doll,,,,left_only
1010,1010,http://dbkwik.webdatacommons.org/starwars.wikia.com/resource/Lucky_Despot_Wreckage,http://dbkwik.webdatacommons.org/swg.wikia.com/resource/Painting_of_a_Lucky_Despot_Wreckage,,,,left_only
1011,1011,http://dbkwik.webdatacommons.org/starwars.wikia.com/property/color,http://dbkwik.webdatacommons.org/swg.wikia.com/property/color,,,,left_only
1013,1013,http://dbkwik.webdatacommons.org/starwars.wikia.com/resource/Nial_Declann,http://dbkwik.webdatacommons.org/swg.wikia.com/resource/Grand_Admiral_Niall_Declann,,,,left_only
1017,1017,http://dbkwik.webdatacommons.org/starwars.wikia.com/resource/Benjamin,http://dbkwik.webdatacommons.org/swg.wikia.com/resource/Benjamin_(The_Disillusioned_Festival_of_Love_Sage),,,,left_only
1019,1019,http://dbkwik.webdatacommons.org/starwars.wikia.com/resource/Oppio_Sliveri,http://dbkwik.webdatacommons.org/swg.wikia.com/resource/Oppio_Sliveri_(Thief),,,,left_only
1022,1022,http://dbkwik.webdatacommons.org/starwars.wikia.com/resource/Maximillian_Veers,http://dbkwik.webdatacommons.org/swg.wikia.com/resource/Maximilian_Veers,,,,left_only
1028,1028,http://dbkwik.webdatacommons.org/starwars.wikia.com/resource/Snowtrooper_armor,http://dbkwik.webdatacommons.org/swg.wikia.com/resource/Imperial_Snowtrooper_armor,,,,left_only
1029,1029,http://dbkwik.webdatacommons.org/starwars.wikia.com/resource/United_in_Our_Cause,http://dbkwik.webdatacommons.org/swg.wikia.com/resource/United_In_Our_Cause,,,,left_only
1032,1032,http://dbkwik.webdatacommons.org/starwars.wikia.com/resource/Landau,http://dbkwik.webdatacommons.org/swg.wikia.com/resource/Commander_Landau,,,,left_only
1034,1034,http://dbkwik.webdatacommons.org/starwars.wikia.com/resource/Four_Sages_of_Dwartii/Legends,http://dbkwik.webdatacommons.org/swg.wikia.com/resource/Four_Sages_of_Dwartii_Collection,,,,left_only
1035,1035,http://dbkwik.webdatacommons.org/starwars.wikia.com/resource/DH-17_blaster_pistol/Legends,http://dbkwik.webdatacommons.org/swg.wikia.com/resource/DH17_Pistol,,,,left_only
1037,1037,http://dbkwik.webdatacommons.org/starwars.wikia.com/resource/Power_5_heavy_blaster_pistol,http://dbkwik.webdatacommons.org/swg.wikia.com/resource/Power5_Pistol,,,,left_only
1039,1039,http://dbkwik.webdatacommons.org/starwars.wikia.com/property/birth,http://dbkwik.webdatacommons.org/swg.wikia.com/property/birth,,,,left_only
1040,1040,http://dbkwik.webdatacommons.org/starwars.wikia.com/resource/Rot_mite,http://dbkwik.webdatacommons.org/swg.wikia.com/resource/Rot_Mite,,,,left_only
1043,1043,http://dbkwik.webdatacommons.org/starwars.wikia.com/resource/Appleton,http://dbkwik.webdatacommons.org/swg.wikia.com/resource/Major_Appleton_(An_Imperial_Investigator),,,,left_only
1047,1047,http://dbkwik.webdatacommons.org/starwars.wikia.com/resource/YT-2400_light_freighter/Legends,http://dbkwik.webdatacommons.org/swg.wikia.com/resource/YT-2400,,,,left_only
1053,1053,http://dbkwik.webdatacommons.org/starwars.wikia.com/resource/Darth_Phobos%27s_lightsaber,http://dbkwik.webdatacommons.org/swg.wikia.com/resource/Double-Bladed_Darth_Phobos_Lightsaber,,,,left_only
1060,1060,http://dbkwik.webdatacommons.org/starwars.wikia.com/resource/Imperial_Base_(Naboo),http://dbkwik.webdatacommons.org/swg.wikia.com/resource/Rebel_Theme_Park_Corellia,,,,left_only
1067,1067,http://dbkwik.webdatacommons.org/starwars.wikia.com/resource/G1-M4-C_Dunelizard_fighter,http://dbkwik.webdatacommons.org/swg.wikia.com/resource/MandalMotors_G1-M4-C_%22Dunelizard%22_Starfighter,,,,left_only
1072,1072,http://dbkwik.webdatacommons.org/starwars.wikia.com/resource/Thulough,http://dbkwik.webdatacommons.org/swg.wikia.com/resource/Lieutenant_Thulough_(A_Rebel_Intelligence_Officer),,,,left_only
1074,1074,http://dbkwik.webdatacommons.org/starwars.wikia.com/resource/Burr_El,http://dbkwik.webdatacommons.org/swg.wikia.com/resource/Burr_El_(Murderer),,,,left_only
1076,1076,http://dbkwik.webdatacommons.org/starwars.wikia.com/resource/Huf_dun,http://dbkwik.webdatacommons.org/swg.wikia.com/resource/Huf_Dun,,,,left_only
1081,1081,http://dbkwik.webdatacommons.org/starwars.wikia.com/resource/DLC-13_mining_droid/Legends,http://dbkwik.webdatacommons.org/swg.wikia.com/resource/Mustafarian_Panning_Droid,,,,left_only
1087,1087,http://dbkwik.webdatacommons.org/starwars.wikia.com/resource/Hirael_Chindiaye,http://dbkwik.webdatacommons.org/swg.wikia.com/resource/Hirael_Chindiaye_(An_Independent_Investigator),,,,left_only
1093,1093,http://dbkwik.webdatacommons.org/starwars.wikia.com/resource/Elba_water,http://dbkwik.webdatacommons.org/swg.wikia.com/resource/Flask_of_Elba_Water,,,,left_only
1098,1098,http://dbkwik.webdatacommons.org/starwars.wikia.com/resource/Spitting_Rawl_Technique,http://dbkwik.webdatacommons.org/swg.wikia.com/resource/Spitting_Rawl,,,,left_only
1101,1101,http://dbkwik.webdatacommons.org/starwars.wikia.com/resource/Nurfa_Laz%27op,http://dbkwik.webdatacommons.org/swg.wikia.com/resource/Nurfa_Laz’op,,,,left_only
1102,1102,http://dbkwik.webdatacommons.org/starwars.wikia.com/resource/Preens_B%27oola,http://dbkwik.webdatacommons.org/swg.wikia.com/resource/Working_for_the_government,,,,left_only
1103,1103,http://dbkwik.webdatacommons.org/starwars.wikia.com/resource/Reimos_Taligg,http://dbkwik.webdatacommons.org/swg.wikia.com/resource/Find_Reimos,,,,left_only
1105,1105,http://dbkwik.webdatacommons.org/starwars.wikia.com/resource/Hoth_chocolate,http://dbkwik.webdatacommons.org/swg.wikia.com/resource/Decorative_Hoth_Chocolate,,,,left_only
1110,1110,http://dbkwik.webdatacommons.org/starwars.wikia.com/resource/Rancor,http://dbkwik.webdatacommons.org/swg.wikia.com/resource/Rancor,,,,left_only
1111,1111,http://dbkwik.webdatacommons.org/starwars.wikia.com/resource/Dinge,http://dbkwik.webdatacommons.org/swg.wikia.com/resource/Captain_Dinge,,,,left_only
1120,1120,http://dbkwik.webdatacommons.org/starwars.wikia.com/resource/Light_Bending_Ord_Pedrovia_Podracer,http://dbkwik.webdatacommons.org/swg.wikia.com/resource/Light_Bending_Gasgano_Podracer,,,,left_only
