http://dbkwik.webdatacommons.org/ontology/wikiPageWikiLink	http://dbkwik.webdatacommons.org/ontology/wikiPageWikiLink	0.25176890452537143
http://dbkwik.webdatacommons.org/ontology/wikiPageWikiLink	http://dbkwik.webdatacommons.org/ontology/wikiPageWikiLink-	0.12139433762152801
http://dbkwik.webdatacommons.org/ontology/wikiPageWikiLink-	http://dbkwik.webdatacommons.org/ontology/wikiPageWikiLink	0.12139433762152844
http://dbkwik.webdatacommons.org/ontology/wikiPageWikiLink-	http://dbkwik.webdatacommons.org/ontology/wikiPageWikiLink-	0.25176890452537004
http://dbkwik.webdatacommons.org/ontology/wikiPageWikiLinkText-	skos:altLabel-	0.3093487512330609
http://dbkwik.webdatacommons.org/ontology/wikiPageWikiLinkText-	rdfs:label-	0.26873504517769514
http://dbkwik.webdatacommons.org/ontology/wikiPageWikiLinkText-	http://dbkwik.webdatacommons.org/ontology/wikiPageWikiLinkText-	0.7340074444213309
rdfs:label-	skos:altLabel-	0.6208710760379981
rdfs:label-	rdfs:label-	0.6071695700661213
rdfs:label-	http://dbkwik.webdatacommons.org/ontology/wikiPageWikiLinkText-	0.8753671675769035
dc:subject	http://dbkwik.webdatacommons.org/ontology/wikiPageWikiLink	0.3903855706608502
dc:subject	dc:subject	0.3904276079584157
dc:subject-	http://dbkwik.webdatacommons.org/ontology/wikiPageWikiLink-	0.39038557066085267
dc:subject-	dc:subject-	0.3904276079584182
http://dbkwik.webdatacommons.org/memory-alpha.wikia.com/property/aprevreleasedinall	http://dbkwik.webdatacommons.org/ontology/wikiPageWikiLink	0.2352939383477133
http://dbkwik.webdatacommons.org/memory-alpha.wikia.com/property/aprevreleasedinall	http://dbkwik.webdatacommons.org/ontology/wikiPageWikiLink-	0.11764707357120997
skos:altLabel-	skos:altLabel-	0.6168891480784996
skos:altLabel-	rdfs:label-	0.5407599632182588
skos:altLabel-	http://dbkwik.webdatacommons.org/ontology/wikiPageWikiLinkText-	0.8392525290524586
http://dbkwik.webdatacommons.org/memory-alpha.wikia.com/property/aarc0prevpart	http://dbkwik.webdatacommons.org/ontology/wikiPageWikiLink	0.1875070557630989
http://dbkwik.webdatacommons.org/memory-alpha.wikia.com/property/aarc0prevpart	http://dbkwik.webdatacommons.org/ontology/wikiPageWikiLink-	0.12500485629298216
http://dbkwik.webdatacommons.org/memory-alpha.wikia.com/property/rank	http://dbkwik.webdatacommons.org/ontology/wikiPageWikiLink	0.5072760045264514
http://dbkwik.webdatacommons.org/memory-alpha.wikia.com/property/rank	http://dbkwik.webdatacommons.org/ontology/wikiPageWikiLink-	0.14731083919209778
http://dbkwik.webdatacommons.org/memory-alpha.wikia.com/property/rank	http://dbkwik.webdatacommons.org/memory-beta.wikia.com/property/rank	0.29313297391034043
http://dbkwik.webdatacommons.org/memory-alpha.wikia.com/property/rank-	http://dbkwik.webdatacommons.org/ontology/wikiPageWikiLink	0.14683526036439098
http://dbkwik.webdatacommons.org/memory-alpha.wikia.com/property/rank-	http://dbkwik.webdatacommons.org/ontology/wikiPageWikiLink-	0.5056383129018596
http://dbkwik.webdatacommons.org/memory-alpha.wikia.com/property/rank-	http://dbkwik.webdatacommons.org/memory-beta.wikia.com/property/rank-	0.29218662239364934
http://dbkwik.webdatacommons.org/memory-alpha.wikia.com/property/pages-	http://dbkwik.webdatacommons.org/memory-beta.wikia.com/property/pages-	0.3672275842500758
http://dbkwik.webdatacommons.org/memory-alpha.wikia.com/property/affiliation	http://dbkwik.webdatacommons.org/ontology/wikiPageWikiLink	0.5236037243493019
http://dbkwik.webdatacommons.org/memory-alpha.wikia.com/property/affiliation	http://dbkwik.webdatacommons.org/ontology/wikiPageWikiLink-	0.1064957529184884
http://dbkwik.webdatacommons.org/memory-alpha.wikia.com/property/affiliation	http://dbkwik.webdatacommons.org/memory-beta.wikia.com/property/affiliation	0.36383955774298343
http://dbkwik.webdatacommons.org/memory-alpha.wikia.com/property/affiliation-	http://dbkwik.webdatacommons.org/ontology/wikiPageWikiLink	0.10524226026778209
http://dbkwik.webdatacommons.org/memory-alpha.wikia.com/property/affiliation-	http://dbkwik.webdatacommons.org/ontology/wikiPageWikiLink-	0.5174407234561438
http://dbkwik.webdatacommons.org/memory-alpha.wikia.com/property/affiliation-	http://dbkwik.webdatacommons.org/memory-beta.wikia.com/property/affiliation-	0.35955703755632273
http://dbkwik.webdatacommons.org/memory-alpha.wikia.com/property/wsteleplayby	http://dbkwik.webdatacommons.org/ontology/wikiPageWikiLink	0.3333774369915811
http://dbkwik.webdatacommons.org/memory-alpha.wikia.com/property/wsteleplayby	http://dbkwik.webdatacommons.org/ontology/wikiPageWikiLink-	0.17121680788018295
http://dbkwik.webdatacommons.org/memory-alpha.wikia.com/property/wsteleplayby	http://dbkwik.webdatacommons.org/memory-beta.wikia.com/property/teleplay	0.2883623600275009
http://dbkwik.webdatacommons.org/memory-alpha.wikia.com/property/wsteleplayby-	http://dbkwik.webdatacommons.org/ontology/wikiPageWikiLink	0.17121680788018293
http://dbkwik.webdatacommons.org/memory-alpha.wikia.com/property/wsteleplayby-	http://dbkwik.webdatacommons.org/ontology/wikiPageWikiLink-	0.333377436991581
http://dbkwik.webdatacommons.org/memory-alpha.wikia.com/property/wsteleplayby-	http://dbkwik.webdatacommons.org/memory-beta.wikia.com/property/teleplay-	0.2883623600275009
http://dbkwik.webdatacommons.org/memory-alpha.wikia.com/property/imagecap	http://dbkwik.webdatacommons.org/ontology/wikiPageWikiLink	0.43187173254440864
http://dbkwik.webdatacommons.org/memory-alpha.wikia.com/property/imagecap	http://dbkwik.webdatacommons.org/ontology/wikiPageWikiLink-	0.2579523241212529
http://dbkwik.webdatacommons.org/memory-alpha.wikia.com/property/imagecap-	http://dbkwik.webdatacommons.org/ontology/wikiPageWikiLink-	0.15373860195840858
http://dbkwik.webdatacommons.org/memory-alpha.wikia.com/property/imagecap-	skos:altLabel-	0.25346694417539667
http://dbkwik.webdatacommons.org/memory-alpha.wikia.com/property/imagecap-	rdfs:label-	0.23431632927309207
http://dbkwik.webdatacommons.org/memory-alpha.wikia.com/property/imagecap-	http://dbkwik.webdatacommons.org/ontology/wikiPageWikiLinkText-	0.5267187163888299
http://dbkwik.webdatacommons.org/memory-alpha.wikia.com/property/imagecap-	http://dbkwik.webdatacommons.org/memory-beta.wikia.com/property/characterName-	0.10782659067429988
http://dbkwik.webdatacommons.org/memory-alpha.wikia.com/property/died	http://dbkwik.webdatacommons.org/ontology/wikiPageWikiLink	0.3657799453667336
http://dbkwik.webdatacommons.org/memory-alpha.wikia.com/property/died	http://dbkwik.webdatacommons.org/ontology/wikiPageWikiLink-	0.16837265352413391
http://dbkwik.webdatacommons.org/memory-alpha.wikia.com/property/died-	http://dbkwik.webdatacommons.org/ontology/wikiPageWikiLink-	0.11035538021688512
http://dbkwik.webdatacommons.org/memory-alpha.wikia.com/property/died-	http://dbkwik.webdatacommons.org/memory-beta.wikia.com/property/died-	0.21254620363969726
http://dbkwik.webdatacommons.org/memory-alpha.wikia.com/property/relative	http://dbkwik.webdatacommons.org/ontology/wikiPageWikiLink	0.38817604327525723
http://dbkwik.webdatacommons.org/memory-alpha.wikia.com/property/relative	http://dbkwik.webdatacommons.org/ontology/wikiPageWikiLink-	0.3967530333289387
http://dbkwik.webdatacommons.org/memory-alpha.wikia.com/property/relative	http://dbkwik.webdatacommons.org/memory-beta.wikia.com/property/otherRelatives	0.25806545774721873
http://dbkwik.webdatacommons.org/memory-alpha.wikia.com/property/relative	http://dbkwik.webdatacommons.org/memory-beta.wikia.com/property/otherRelatives-	0.2320442856773391
http://dbkwik.webdatacommons.org/memory-alpha.wikia.com/property/relative-	http://dbkwik.webdatacommons.org/ontology/wikiPageWikiLink	0.3933414717529483
http://dbkwik.webdatacommons.org/memory-alpha.wikia.com/property/relative-	http://dbkwik.webdatacommons.org/ontology/wikiPageWikiLink-	0.3848382326910597
http://dbkwik.webdatacommons.org/memory-alpha.wikia.com/property/relative-	http://dbkwik.webdatacommons.org/memory-beta.wikia.com/property/otherRelatives	0.2300490057363069
http://dbkwik.webdatacommons.org/memory-alpha.wikia.com/property/relative-	http://dbkwik.webdatacommons.org/memory-beta.wikia.com/property/otherRelatives-	0.255846429470727
http://dbkwik.webdatacommons.org/memory-alpha.wikia.com/property/reference-	http://dbkwik.webdatacommons.org/memory-beta.wikia.com/property/isbn-	0.7887442436421951
http://dbkwik.webdatacommons.org/memory-alpha.wikia.com/property/birthName-	skos:altLabel-	0.3387268848223429
http://dbkwik.webdatacommons.org/memory-alpha.wikia.com/property/birthName-	rdfs:label-	0.3387268848223429
http://dbkwik.webdatacommons.org/memory-alpha.wikia.com/property/birthName-	http://dbkwik.webdatacommons.org/ontology/wikiPageWikiLinkText-	0.8064417797884397
http://dbkwik.webdatacommons.org/memory-alpha.wikia.com/property/prev	http://dbkwik.webdatacommons.org/ontology/wikiPageWikiLink	0.703000121005858
http://dbkwik.webdatacommons.org/memory-alpha.wikia.com/property/prev	http://dbkwik.webdatacommons.org/ontology/wikiPageWikiLink-	0.6645072690937227
http://dbkwik.webdatacommons.org/memory-alpha.wikia.com/property/prev	http://dbkwik.webdatacommons.org/memory-beta.wikia.com/property/before	0.6166807526191357
http://dbkwik.webdatacommons.org/memory-alpha.wikia.com/property/prev	http://dbkwik.webdatacommons.org/memory-beta.wikia.com/property/after-	0.5886012428419183
http://dbkwik.webdatacommons.org/memory-alpha.wikia.com/property/prev-	http://dbkwik.webdatacommons.org/ontology/wikiPageWikiLink	0.579715358165103
http://dbkwik.webdatacommons.org/memory-alpha.wikia.com/property/prev-	http://dbkwik.webdatacommons.org/ontology/wikiPageWikiLink-	0.6132964767937579
http://dbkwik.webdatacommons.org/memory-alpha.wikia.com/property/prev-	http://dbkwik.webdatacommons.org/memory-beta.wikia.com/property/before-	0.5390245355486233
http://dbkwik.webdatacommons.org/memory-alpha.wikia.com/property/prev-	http://dbkwik.webdatacommons.org/memory-beta.wikia.com/property/after	0.5134950303491738
http://dbkwik.webdatacommons.org/memory-alpha.wikia.com/property/name	http://dbkwik.webdatacommons.org/ontology/wikiPageWikiLink	0.5524469248342208
http://dbkwik.webdatacommons.org/memory-alpha.wikia.com/property/name	http://dbkwik.webdatacommons.org/ontology/wikiPageWikiLink-	0.4611705921376393
http://dbkwik.webdatacommons.org/memory-alpha.wikia.com/property/name	http://dbkwik.webdatacommons.org/memory-beta.wikia.com/property/species	0.1954614120853083
http://dbkwik.webdatacommons.org/memory-alpha.wikia.com/property/name	http://dbkwik.webdatacommons.org/memory-beta.wikia.com/property/planetName	0.13682298985283717
http://dbkwik.webdatacommons.org/memory-alpha.wikia.com/property/name-	skos:altLabel-	0.5938717432850319
http://dbkwik.webdatacommons.org/memory-alpha.wikia.com/property/name-	http://dbkwik.webdatacommons.org/memory-beta.wikia.com/property/name-	0.17554831482880856
http://dbkwik.webdatacommons.org/memory-alpha.wikia.com/property/name-	rdfs:label-	0.5233378588707293
http://dbkwik.webdatacommons.org/memory-alpha.wikia.com/property/name-	http://dbkwik.webdatacommons.org/ontology/wikiPageWikiLinkText-	0.7820815513800339
http://dbkwik.webdatacommons.org/memory-alpha.wikia.com/property/actor	http://dbkwik.webdatacommons.org/ontology/wikiPageWikiLink	0.14302083184405975
http://dbkwik.webdatacommons.org/memory-alpha.wikia.com/property/actor	http://dbkwik.webdatacommons.org/ontology/wikiPageWikiLink-	0.29223347526262367
http://dbkwik.webdatacommons.org/memory-alpha.wikia.com/property/actor-	http://dbkwik.webdatacommons.org/ontology/wikiPageWikiLink	0.2894575821228368
http://dbkwik.webdatacommons.org/memory-alpha.wikia.com/property/actor-	http://dbkwik.webdatacommons.org/ontology/wikiPageWikiLink-	0.14166229293743468
http://dbkwik.webdatacommons.org/memory-alpha.wikia.com/property/wsstoryby	http://dbkwik.webdatacommons.org/ontology/wikiPageWikiLink	0.363681666765645
http://dbkwik.webdatacommons.org/memory-alpha.wikia.com/property/wsstoryby	http://dbkwik.webdatacommons.org/ontology/wikiPageWikiLink-	0.15343036890931092
http://dbkwik.webdatacommons.org/memory-alpha.wikia.com/property/wsstoryby	http://dbkwik.webdatacommons.org/memory-beta.wikia.com/property/story	0.3125403939276347
http://dbkwik.webdatacommons.org/memory-alpha.wikia.com/property/wsstoryby-	http://dbkwik.webdatacommons.org/ontology/wikiPageWikiLink	0.15343036890931094
http://dbkwik.webdatacommons.org/memory-alpha.wikia.com/property/wsstoryby-	http://dbkwik.webdatacommons.org/ontology/wikiPageWikiLink-	0.363681666765645
http://dbkwik.webdatacommons.org/memory-alpha.wikia.com/property/wsstoryby-	http://dbkwik.webdatacommons.org/memory-beta.wikia.com/property/story-	0.3125403939276347
http://dbkwik.webdatacommons.org/memory-alpha.wikia.com/property/species	http://dbkwik.webdatacommons.org/ontology/wikiPageWikiLink	0.45416429845815987
http://dbkwik.webdatacommons.org/memory-alpha.wikia.com/property/species	http://dbkwik.webdatacommons.org/memory-beta.wikia.com/property/species	0.30974270649690333
http://dbkwik.webdatacommons.org/memory-alpha.wikia.com/property/species-	http://dbkwik.webdatacommons.org/ontology/wikiPageWikiLink-	0.44866689749812344
http://dbkwik.webdatacommons.org/memory-alpha.wikia.com/property/species-	http://dbkwik.webdatacommons.org/memory-beta.wikia.com/property/species-	0.3059934469055151
http://dbkwik.webdatacommons.org/memory-alpha.wikia.com/property/aprevinuniversetimeline	http://dbkwik.webdatacommons.org/ontology/wikiPageWikiLink	0.1764705882434487
http://dbkwik.webdatacommons.org/ontology/wikiPageDisambiguates	http://dbkwik.webdatacommons.org/ontology/wikiPageWikiLink	0.3633129775928665
http://dbkwik.webdatacommons.org/ontology/wikiPageDisambiguates	http://dbkwik.webdatacommons.org/ontology/wikiPageWikiLink-	0.2866581674131502
http://dbkwik.webdatacommons.org/ontology/wikiPageDisambiguates-	http://dbkwik.webdatacommons.org/ontology/wikiPageWikiLink	0.28665816741315
http://dbkwik.webdatacommons.org/ontology/wikiPageDisambiguates-	http://dbkwik.webdatacommons.org/ontology/wikiPageWikiLink-	0.36331297759286607
http://dbkwik.webdatacommons.org/memory-alpha.wikia.com/property/commander	http://dbkwik.webdatacommons.org/ontology/wikiPageWikiLink	0.39370174828078397
http://dbkwik.webdatacommons.org/memory-alpha.wikia.com/property/commander	http://dbkwik.webdatacommons.org/memory-beta.wikia.com/property/commander	0.11810788500949843
http://dbkwik.webdatacommons.org/memory-alpha.wikia.com/property/commander	http://dbkwik.webdatacommons.org/ontology/wikiPageWikiLink-	0.20247807600494203
http://dbkwik.webdatacommons.org/memory-alpha.wikia.com/property/commander-	http://dbkwik.webdatacommons.org/ontology/wikiPageWikiLink	0.18299482235742087
http://dbkwik.webdatacommons.org/memory-alpha.wikia.com/property/commander-	http://dbkwik.webdatacommons.org/ontology/wikiPageWikiLink-	0.3558181849114844
http://dbkwik.webdatacommons.org/memory-alpha.wikia.com/property/commander-	http://dbkwik.webdatacommons.org/memory-beta.wikia.com/property/commander-	0.11687058875183923
http://dbkwik.webdatacommons.org/memory-alpha.wikia.com/property/occupation	http://dbkwik.webdatacommons.org/ontology/wikiPageWikiLink	0.3109813492667621
http://dbkwik.webdatacommons.org/memory-alpha.wikia.com/property/occupation	http://dbkwik.webdatacommons.org/ontology/wikiPageWikiLink-	0.10844021672143804
http://dbkwik.webdatacommons.org/memory-alpha.wikia.com/property/occupation-	http://dbkwik.webdatacommons.org/ontology/wikiPageWikiLink	0.10746821126990702
http://dbkwik.webdatacommons.org/memory-alpha.wikia.com/property/occupation-	http://dbkwik.webdatacommons.org/ontology/wikiPageWikiLink-	0.30819386344322963
http://dbkwik.webdatacommons.org/memory-alpha.wikia.com/property/status	http://dbkwik.webdatacommons.org/ontology/wikiPageWikiLink	0.3376018699557289
http://dbkwik.webdatacommons.org/memory-alpha.wikia.com/property/status	http://dbkwik.webdatacommons.org/ontology/wikiPageWikiLink-	0.2255318549654517
http://dbkwik.webdatacommons.org/memory-alpha.wikia.com/property/quadrant	http://dbkwik.webdatacommons.org/ontology/wikiPageWikiLink	0.3664400517743329
http://dbkwik.webdatacommons.org/memory-alpha.wikia.com/property/quadrant-	http://dbkwik.webdatacommons.org/ontology/wikiPageWikiLink-	0.3664400517743329
http://dbkwik.webdatacommons.org/memory-alpha.wikia.com/property/editor	http://dbkwik.webdatacommons.org/ontology/wikiPageWikiLink	0.5292341555465448
http://dbkwik.webdatacommons.org/memory-alpha.wikia.com/property/editor	http://dbkwik.webdatacommons.org/ontology/wikiPageWikiLink-	0.11651463938785628
http://dbkwik.webdatacommons.org/memory-alpha.wikia.com/property/editor	http://dbkwik.webdatacommons.org/memory-beta.wikia.com/property/editor	0.5025852076653117
http://dbkwik.webdatacommons.org/memory-alpha.wikia.com/property/editor-	http://dbkwik.webdatacommons.org/ontology/wikiPageWikiLink	0.11616159242724276
http://dbkwik.webdatacommons.org/memory-alpha.wikia.com/property/editor-	http://dbkwik.webdatacommons.org/ontology/wikiPageWikiLink-	0.5276305415195847
http://dbkwik.webdatacommons.org/memory-alpha.wikia.com/property/editor-	http://dbkwik.webdatacommons.org/memory-beta.wikia.com/property/editor-	0.5010623416894328
http://dbkwik.webdatacommons.org/memory-alpha.wikia.com/property/series	http://dbkwik.webdatacommons.org/ontology/wikiPageWikiLink	0.5089509749482445
http://dbkwik.webdatacommons.org/memory-alpha.wikia.com/property/series	http://dbkwik.webdatacommons.org/ontology/wikiPageWikiLink-	0.7703456611623448
http://dbkwik.webdatacommons.org/memory-alpha.wikia.com/property/series	http://dbkwik.webdatacommons.org/memory-beta.wikia.com/property/miniseries	0.1269768638893135
http://dbkwik.webdatacommons.org/memory-alpha.wikia.com/property/series-	http://dbkwik.webdatacommons.org/ontology/wikiPageWikiLink	0.7434384840000204
http://dbkwik.webdatacommons.org/memory-alpha.wikia.com/property/series-	http://dbkwik.webdatacommons.org/ontology/wikiPageWikiLink-	0.49117397594599543
http://dbkwik.webdatacommons.org/memory-alpha.wikia.com/property/series-	http://dbkwik.webdatacommons.org/memory-beta.wikia.com/property/miniseries-	0.12254172633426985
http://dbkwik.webdatacommons.org/memory-alpha.wikia.com/property/roles	http://dbkwik.webdatacommons.org/ontology/wikiPageWikiLink	0.6163123263440078
http://dbkwik.webdatacommons.org/memory-alpha.wikia.com/property/roles	dc:subject	0.6163123263440078
http://dbkwik.webdatacommons.org/memory-alpha.wikia.com/property/roles-	http://dbkwik.webdatacommons.org/ontology/wikiPageWikiLink-	0.613419699708955
http://dbkwik.webdatacommons.org/memory-alpha.wikia.com/property/roles-	dc:subject-	0.613419699708955
http://dbkwik.webdatacommons.org/memory-alpha.wikia.com/property/anextreleasedinseries	http://dbkwik.webdatacommons.org/memory-beta.wikia.com/property/after	0.15789473687441005
http://dbkwik.webdatacommons.org/memory-alpha.wikia.com/property/anextreleasedinseries	http://dbkwik.webdatacommons.org/ontology/wikiPageWikiLink	0.36842105245795476
http://dbkwik.webdatacommons.org/memory-alpha.wikia.com/property/anextreleasedinseries	http://dbkwik.webdatacommons.org/ontology/wikiPageWikiLink-	0.26315789457604893
http://dbkwik.webdatacommons.org/memory-alpha.wikia.com/property/publisher	http://dbkwik.webdatacommons.org/ontology/wikiPageWikiLink	0.6529687067300627
http://dbkwik.webdatacommons.org/memory-alpha.wikia.com/property/publisher	http://dbkwik.webdatacommons.org/ontology/wikiPageWikiLink-	0.1246990641985589
http://dbkwik.webdatacommons.org/memory-alpha.wikia.com/property/publisher	http://dbkwik.webdatacommons.org/memory-beta.wikia.com/property/publisher	0.5705693734316706
http://dbkwik.webdatacommons.org/memory-alpha.wikia.com/property/publisher-	http://dbkwik.webdatacommons.org/ontology/wikiPageWikiLink	0.12451372773070178
http://dbkwik.webdatacommons.org/memory-alpha.wikia.com/property/publisher-	http://dbkwik.webdatacommons.org/ontology/wikiPageWikiLink-	0.6519982189841891
http://dbkwik.webdatacommons.org/memory-alpha.wikia.com/property/publisher-	http://dbkwik.webdatacommons.org/memory-beta.wikia.com/property/publisher-	0.5702231184603995
http://dbkwik.webdatacommons.org/memory-alpha.wikia.com/property/production-	http://dbkwik.webdatacommons.org/memory-beta.wikia.com/property/number-	0.3958007180068482
http://dbkwik.webdatacommons.org/memory-alpha.wikia.com/property/nseason-	http://dbkwik.webdatacommons.org/memory-beta.wikia.com/property/episode-	0.9817628915313653
http://dbkwik.webdatacommons.org/memory-alpha.wikia.com/property/wsarc0desc	http://dbkwik.webdatacommons.org/ontology/wikiPageWikiLink	0.6691407538241257
http://dbkwik.webdatacommons.org/memory-alpha.wikia.com/property/wsarc0desc	http://dbkwik.webdatacommons.org/ontology/wikiPageWikiLink-	0.5609687731442962
http://dbkwik.webdatacommons.org/memory-alpha.wikia.com/property/wsarc0desc-	http://dbkwik.webdatacommons.org/ontology/wikiPageWikiLink	0.5030365386740357
http://dbkwik.webdatacommons.org/memory-alpha.wikia.com/property/wsarc0desc-	http://dbkwik.webdatacommons.org/ontology/wikiPageWikiLink-	0.6000374081479222
http://dbkwik.webdatacommons.org/memory-alpha.wikia.com/property/characters	http://dbkwik.webdatacommons.org/ontology/wikiPageWikiLink	0.36568635531152405
http://dbkwik.webdatacommons.org/memory-alpha.wikia.com/property/characters	http://dbkwik.webdatacommons.org/ontology/wikiPageWikiLink-	0.16560895463012149
http://dbkwik.webdatacommons.org/memory-alpha.wikia.com/property/characters-	http://dbkwik.webdatacommons.org/ontology/wikiPageWikiLink	0.16560895463012149
http://dbkwik.webdatacommons.org/memory-alpha.wikia.com/property/characters-	http://dbkwik.webdatacommons.org/ontology/wikiPageWikiLink-	0.36568635531152416
http://dbkwik.webdatacommons.org/memory-alpha.wikia.com/property/anextproducedinseries	http://dbkwik.webdatacommons.org/ontology/wikiPageWikiLink	0.23529411732471137
http://dbkwik.webdatacommons.org/memory-alpha.wikia.com/property/anextproducedinseries	http://dbkwik.webdatacommons.org/ontology/wikiPageWikiLink-	0.17647058797157725
http://dbkwik.webdatacommons.org/memory-alpha.wikia.com/property/sibling	http://dbkwik.webdatacommons.org/ontology/wikiPageWikiLink	0.44311906958439307
http://dbkwik.webdatacommons.org/memory-alpha.wikia.com/property/sibling	http://dbkwik.webdatacommons.org/ontology/wikiPageWikiLink-	0.43359112859405274
http://dbkwik.webdatacommons.org/memory-alpha.wikia.com/property/sibling	http://dbkwik.webdatacommons.org/memory-beta.wikia.com/property/sibling(s)_	0.3384049251034808
http://dbkwik.webdatacommons.org/memory-alpha.wikia.com/property/sibling	http://dbkwik.webdatacommons.org/memory-beta.wikia.com/property/sibling(s)_-	0.31457774082071815
http://dbkwik.webdatacommons.org/memory-alpha.wikia.com/property/sibling-	http://dbkwik.webdatacommons.org/ontology/wikiPageWikiLink	0.42949690990593
http://dbkwik.webdatacommons.org/memory-alpha.wikia.com/property/sibling-	http://dbkwik.webdatacommons.org/ontology/wikiPageWikiLink-	0.43893488255630797
http://dbkwik.webdatacommons.org/memory-alpha.wikia.com/property/sibling-	http://dbkwik.webdatacommons.org/memory-beta.wikia.com/property/sibling(s)_	0.3116073155043334
http://dbkwik.webdatacommons.org/memory-alpha.wikia.com/property/sibling-	http://dbkwik.webdatacommons.org/memory-beta.wikia.com/property/sibling(s)_-	0.3399309302176926
http://dbkwik.webdatacommons.org/memory-alpha.wikia.com/property/type	http://dbkwik.webdatacommons.org/ontology/wikiPageWikiLink	0.5331692969345196
http://dbkwik.webdatacommons.org/memory-alpha.wikia.com/property/type	http://dbkwik.webdatacommons.org/memory-beta.wikia.com/property/bodytype	0.11857767236479794
http://dbkwik.webdatacommons.org/memory-alpha.wikia.com/property/type-	http://dbkwik.webdatacommons.org/ontology/wikiPageWikiLink-	0.4526065477660777
http://dbkwik.webdatacommons.org/memory-alpha.wikia.com/property/type-	http://dbkwik.webdatacommons.org/memory-beta.wikia.com/property/bodytype-	0.10066039293661636
http://dbkwik.webdatacommons.org/memory-alpha.wikia.com/property/stitle	http://dbkwik.webdatacommons.org/ontology/wikiPageWikiLink	0.5326583738213978
http://dbkwik.webdatacommons.org/memory-alpha.wikia.com/property/stitle	http://dbkwik.webdatacommons.org/ontology/wikiPageWikiLink-	0.553183306413977
http://dbkwik.webdatacommons.org/memory-alpha.wikia.com/property/stitle	http://dbkwik.webdatacommons.org/memory-beta.wikia.com/property/title	0.30728745705633126
http://dbkwik.webdatacommons.org/memory-alpha.wikia.com/property/stitle	http://dbkwik.webdatacommons.org/ontology/wikiPageDisambiguates-	0.18439449166987001
http://dbkwik.webdatacommons.org/memory-alpha.wikia.com/property/stitle-	skos:altLabel-	0.8136940165533271
http://dbkwik.webdatacommons.org/memory-alpha.wikia.com/property/stitle-	rdfs:label-	0.7754567047434854
http://dbkwik.webdatacommons.org/memory-alpha.wikia.com/property/stitle-	http://dbkwik.webdatacommons.org/memory-beta.wikia.com/property/title-	0.8962844929264027
http://dbkwik.webdatacommons.org/memory-alpha.wikia.com/property/stitle-	http://dbkwik.webdatacommons.org/ontology/wikiPageWikiLinkText-	0.8947577360440062
http://dbkwik.webdatacommons.org/memory-alpha.wikia.com/property/abreadby	http://dbkwik.webdatacommons.org/ontology/wikiPageWikiLink	0.2895764825502167
http://dbkwik.webdatacommons.org/memory-alpha.wikia.com/property/abreadby	http://dbkwik.webdatacommons.org/ontology/wikiPageWikiLink-	0.3101595387987315
http://dbkwik.webdatacommons.org/memory-alpha.wikia.com/property/abreadby	http://dbkwik.webdatacommons.org/memory-beta.wikia.com/property/narrator	0.13446491254840268
http://dbkwik.webdatacommons.org/memory-alpha.wikia.com/property/abreadby	http://dbkwik.webdatacommons.org/memory-beta.wikia.com/property/author	0.10343463633690952
http://dbkwik.webdatacommons.org/memory-alpha.wikia.com/property/abreadby-	http://dbkwik.webdatacommons.org/ontology/wikiPageWikiLink	0.3101595387987315
http://dbkwik.webdatacommons.org/memory-alpha.wikia.com/property/abreadby-	http://dbkwik.webdatacommons.org/ontology/wikiPageWikiLink-	0.2895764825502168
http://dbkwik.webdatacommons.org/memory-alpha.wikia.com/property/abreadby-	http://dbkwik.webdatacommons.org/memory-beta.wikia.com/property/narrator-	0.13446491254840265
http://dbkwik.webdatacommons.org/memory-alpha.wikia.com/property/abreadby-	http://dbkwik.webdatacommons.org/memory-beta.wikia.com/property/author-	0.10343463633690952
http://dbkwik.webdatacommons.org/memory-alpha.wikia.com/property/strength	http://dbkwik.webdatacommons.org/ontology/wikiPageWikiLink	0.20030423343853407
http://dbkwik.webdatacommons.org/memory-alpha.wikia.com/property/isbn-	http://dbkwik.webdatacommons.org/memory-beta.wikia.com/property/isbn-	0.7393548609260465
http://dbkwik.webdatacommons.org/memory-alpha.wikia.com/property/aprevreleasedinseries	http://dbkwik.webdatacommons.org/memory-beta.wikia.com/property/after-	0.15000002982891397
http://dbkwik.webdatacommons.org/memory-alpha.wikia.com/property/aprevreleasedinseries	http://dbkwik.webdatacommons.org/ontology/wikiPageWikiLink	0.2999998604354206
http://dbkwik.webdatacommons.org/memory-alpha.wikia.com/property/aprevreleasedinseries	http://dbkwik.webdatacommons.org/ontology/wikiPageWikiLink-	0.2000000288838792
http://dbkwik.webdatacommons.org/memory-alpha.wikia.com/property/aprevreleasedinseries	http://dbkwik.webdatacommons.org/memory-beta.wikia.com/property/before	0.10000001985776359
skos:broader	skos:broader	0.6125139350630507
skos:broader-	skos:broader-	0.6125139350630505
http://dbkwik.webdatacommons.org/memory-alpha.wikia.com/property/image-	http://dbkwik.webdatacommons.org/memory-beta.wikia.com/property/altimage-	0.2083433398544859
http://dbkwik.webdatacommons.org/memory-alpha.wikia.com/property/next	http://dbkwik.webdatacommons.org/ontology/wikiPageWikiLink	0.7056938287242951
http://dbkwik.webdatacommons.org/memory-alpha.wikia.com/property/next	http://dbkwik.webdatacommons.org/ontology/wikiPageWikiLink-	0.6722366452203551
http://dbkwik.webdatacommons.org/memory-alpha.wikia.com/property/next	http://dbkwik.webdatacommons.org/memory-beta.wikia.com/property/before-	0.5863566083508939
http://dbkwik.webdatacommons.org/memory-alpha.wikia.com/property/next	http://dbkwik.webdatacommons.org/memory-beta.wikia.com/property/after	0.6278845100495644
http://dbkwik.webdatacommons.org/memory-alpha.wikia.com/property/next-	http://dbkwik.webdatacommons.org/ontology/wikiPageWikiLink	0.5865245154280077
http://dbkwik.webdatacommons.org/memory-alpha.wikia.com/property/next-	http://dbkwik.webdatacommons.org/ontology/wikiPageWikiLink-	0.6157158106091888
http://dbkwik.webdatacommons.org/memory-alpha.wikia.com/property/next-	http://dbkwik.webdatacommons.org/memory-beta.wikia.com/property/before	0.5115944333387026
http://dbkwik.webdatacommons.org/memory-alpha.wikia.com/property/next-	http://dbkwik.webdatacommons.org/memory-beta.wikia.com/property/after-	0.550404091895901
http://dbkwik.webdatacommons.org/memory-alpha.wikia.com/property/sseries	http://dbkwik.webdatacommons.org/ontology/wikiPageWikiLink	0.49999998935883067
http://dbkwik.webdatacommons.org/memory-alpha.wikia.com/property/sseries	http://dbkwik.webdatacommons.org/ontology/wikiPageWikiLink-	0.1346153874971576
http://dbkwik.webdatacommons.org/memory-alpha.wikia.com/property/sseries	http://dbkwik.webdatacommons.org/memory-beta.wikia.com/property/series	0.19230767508207725
http://dbkwik.webdatacommons.org/memory-alpha.wikia.com/property/sseries-	http://dbkwik.webdatacommons.org/memory-beta.wikia.com/property/series-	0.8846747435037285
http://dbkwik.webdatacommons.org/memory-alpha.wikia.com/property/sseries-	http://dbkwik.webdatacommons.org/memory-beta.wikia.com/property/voyages-	0.25644952738588817
http://dbkwik.webdatacommons.org/memory-alpha.wikia.com/property/writer	http://dbkwik.webdatacommons.org/ontology/wikiPageWikiLink	0.9130879463439079
http://dbkwik.webdatacommons.org/memory-alpha.wikia.com/property/writer	http://dbkwik.webdatacommons.org/ontology/wikiPageWikiLink-	0.5061243930929645
http://dbkwik.webdatacommons.org/memory-alpha.wikia.com/property/writer	http://dbkwik.webdatacommons.org/memory-beta.wikia.com/property/author	0.13843875166990802
http://dbkwik.webdatacommons.org/memory-alpha.wikia.com/property/writer	http://dbkwik.webdatacommons.org/memory-beta.wikia.com/property/writer	0.8403074927381332
http://dbkwik.webdatacommons.org/memory-alpha.wikia.com/property/writer-	http://dbkwik.webdatacommons.org/ontology/wikiPageWikiLink	0.5035984051474673
http://dbkwik.webdatacommons.org/memory-alpha.wikia.com/property/writer-	http://dbkwik.webdatacommons.org/ontology/wikiPageWikiLink-	0.9085308667462443
http://dbkwik.webdatacommons.org/memory-alpha.wikia.com/property/writer-	http://dbkwik.webdatacommons.org/memory-beta.wikia.com/property/author-	0.13774782544173142
http://dbkwik.webdatacommons.org/memory-alpha.wikia.com/property/writer-	http://dbkwik.webdatacommons.org/memory-beta.wikia.com/property/writer-	0.8361136490385708
http://dbkwik.webdatacommons.org/memory-alpha.wikia.com/property/author	http://dbkwik.webdatacommons.org/ontology/wikiPageWikiLink	0.7870171831275454
http://dbkwik.webdatacommons.org/memory-alpha.wikia.com/property/author	http://dbkwik.webdatacommons.org/ontology/wikiPageWikiLink-	0.642829477382371
http://dbkwik.webdatacommons.org/memory-alpha.wikia.com/property/author	http://dbkwik.webdatacommons.org/memory-beta.wikia.com/property/author	0.7713347610175202
http://dbkwik.webdatacommons.org/memory-alpha.wikia.com/property/author-	http://dbkwik.webdatacommons.org/ontology/wikiPageWikiLink	0.635787435865614
http://dbkwik.webdatacommons.org/memory-alpha.wikia.com/property/author-	http://dbkwik.webdatacommons.org/ontology/wikiPageWikiLink-	0.7783956001526116
http://dbkwik.webdatacommons.org/memory-alpha.wikia.com/property/author-	http://dbkwik.webdatacommons.org/memory-beta.wikia.com/property/author-	0.7628849751854798
http://dbkwik.webdatacommons.org/memory-alpha.wikia.com/property/artist	http://dbkwik.webdatacommons.org/memory-beta.wikia.com/property/coverArtist	0.13617432751136024
http://dbkwik.webdatacommons.org/memory-alpha.wikia.com/property/artist	http://dbkwik.webdatacommons.org/ontology/wikiPageWikiLink	0.7421669893789914
http://dbkwik.webdatacommons.org/memory-alpha.wikia.com/property/artist	http://dbkwik.webdatacommons.org/ontology/wikiPageWikiLink-	0.3045235202721445
http://dbkwik.webdatacommons.org/memory-alpha.wikia.com/property/artist	http://dbkwik.webdatacommons.org/memory-beta.wikia.com/property/artist	0.2850927082384244
http://dbkwik.webdatacommons.org/memory-alpha.wikia.com/property/artist	http://dbkwik.webdatacommons.org/memory-beta.wikia.com/property/penciller	0.16515155305005466
http://dbkwik.webdatacommons.org/memory-alpha.wikia.com/property/artist	http://dbkwik.webdatacommons.org/memory-beta.wikia.com/property/inker	0.18959674912435737
http://dbkwik.webdatacommons.org/memory-alpha.wikia.com/property/artist-	http://dbkwik.webdatacommons.org/memory-beta.wikia.com/property/coverArtist-	0.1350812011023436
http://dbkwik.webdatacommons.org/memory-alpha.wikia.com/property/artist-	http://dbkwik.webdatacommons.org/ontology/wikiPageWikiLink	0.30207898679612305
http://dbkwik.webdatacommons.org/memory-alpha.wikia.com/property/artist-	http://dbkwik.webdatacommons.org/ontology/wikiPageWikiLink-	0.7362093147510562
http://dbkwik.webdatacommons.org/memory-alpha.wikia.com/property/artist-	http://dbkwik.webdatacommons.org/memory-beta.wikia.com/property/artist-	0.28280415375029944
http://dbkwik.webdatacommons.org/memory-alpha.wikia.com/property/artist-	http://dbkwik.webdatacommons.org/memory-beta.wikia.com/property/penciller-	0.1638258147304431
http://dbkwik.webdatacommons.org/memory-alpha.wikia.com/property/artist-	http://dbkwik.webdatacommons.org/memory-beta.wikia.com/property/inker-	0.18807477932785324
http://dbkwik.webdatacommons.org/memory-alpha.wikia.com/property/year	http://dbkwik.webdatacommons.org/ontology/wikiPageWikiLink	0.5801023401400655
http://dbkwik.webdatacommons.org/memory-alpha.wikia.com/property/year	http://dbkwik.webdatacommons.org/memory-beta.wikia.com/property/date	0.300109816213953
http://dbkwik.webdatacommons.org/memory-alpha.wikia.com/property/year-	http://dbkwik.webdatacommons.org/memory-beta.wikia.com/property/date-	0.4003130373191973
http://dbkwik.webdatacommons.org/memory-alpha.wikia.com/property/issue-	http://dbkwik.webdatacommons.org/ontology/wikiPageWikiLinkText-	0.4635020261184064
http://dbkwik.webdatacommons.org/memory-alpha.wikia.com/property/issue-	http://dbkwik.webdatacommons.org/memory-beta.wikia.com/property/number-	0.36827228576884874
http://dbkwik.webdatacommons.org/memory-alpha.wikia.com/property/children	http://dbkwik.webdatacommons.org/ontology/wikiPageWikiLink	0.59917465226801
http://dbkwik.webdatacommons.org/memory-alpha.wikia.com/property/children	http://dbkwik.webdatacommons.org/ontology/wikiPageWikiLink-	0.6176878168315602
http://dbkwik.webdatacommons.org/memory-alpha.wikia.com/property/children	http://dbkwik.webdatacommons.org/memory-beta.wikia.com/property/mother-	0.184936859504222
http://dbkwik.webdatacommons.org/memory-alpha.wikia.com/property/children	http://dbkwik.webdatacommons.org/memory-beta.wikia.com/property/children	0.4401471615684842
http://dbkwik.webdatacommons.org/memory-alpha.wikia.com/property/children	http://dbkwik.webdatacommons.org/memory-beta.wikia.com/property/father-	0.28110537698391264
http://dbkwik.webdatacommons.org/memory-alpha.wikia.com/property/children-	http://dbkwik.webdatacommons.org/ontology/wikiPageWikiLink	0.5914390556785544
http://dbkwik.webdatacommons.org/memory-alpha.wikia.com/property/children-	http://dbkwik.webdatacommons.org/ontology/wikiPageWikiLink-	0.573712611561115
http://dbkwik.webdatacommons.org/memory-alpha.wikia.com/property/children-	http://dbkwik.webdatacommons.org/memory-beta.wikia.com/property/mother	0.17707793251677734
http://dbkwik.webdatacommons.org/memory-alpha.wikia.com/property/children-	http://dbkwik.webdatacommons.org/memory-beta.wikia.com/property/children-	0.42498463061936737
http://dbkwik.webdatacommons.org/memory-alpha.wikia.com/property/children-	http://dbkwik.webdatacommons.org/memory-beta.wikia.com/property/father	0.26915975057164926
skos:prefLabel-	skos:prefLabel-	0.9236211879788078
skos:prefLabel-	rdfs:label-	0.9366151603331654
http://dbkwik.webdatacommons.org/memory-alpha.wikia.com/property/active	http://dbkwik.webdatacommons.org/ontology/wikiPageWikiLink	0.2500105384211716
http://dbkwik.webdatacommons.org/memory-alpha.wikia.com/property/active-	http://dbkwik.webdatacommons.org/memory-beta.wikia.com/property/servicePeriod-	0.17652731288837775
http://dbkwik.webdatacommons.org/memory-alpha.wikia.com/property/sproductionserialnumber-	http://dbkwik.webdatacommons.org/memory-beta.wikia.com/property/production-	0.7500001773225597
http://dbkwik.webdatacommons.org/memory-alpha.wikia.com/property/actualSpecies	http://dbkwik.webdatacommons.org/ontology/wikiPageWikiLink	0.2653786517761973
http://dbkwik.webdatacommons.org/memory-alpha.wikia.com/property/actualSpecies-	http://dbkwik.webdatacommons.org/ontology/wikiPageWikiLink-	0.24081755060727536
http://dbkwik.webdatacommons.org/memory-alpha.wikia.com/property/nativeSpecies	http://dbkwik.webdatacommons.org/ontology/wikiPageWikiLink	0.5564451167824033
http://dbkwik.webdatacommons.org/memory-alpha.wikia.com/property/nativeSpecies	http://dbkwik.webdatacommons.org/ontology/wikiPageWikiLink-	0.4908269048598003
http://dbkwik.webdatacommons.org/memory-alpha.wikia.com/property/nativeSpecies	http://dbkwik.webdatacommons.org/memory-beta.wikia.com/property/planet-	0.1990049996923884
http://dbkwik.webdatacommons.org/memory-alpha.wikia.com/property/nativeSpecies	http://dbkwik.webdatacommons.org/memory-beta.wikia.com/property/species	0.3258201851970113
http://dbkwik.webdatacommons.org/memory-alpha.wikia.com/property/nativeSpecies-	http://dbkwik.webdatacommons.org/ontology/wikiPageWikiLink	0.4499504886204722
http://dbkwik.webdatacommons.org/memory-alpha.wikia.com/property/nativeSpecies-	http://dbkwik.webdatacommons.org/ontology/wikiPageWikiLink-	0.5101039688487218
http://dbkwik.webdatacommons.org/memory-alpha.wikia.com/property/nativeSpecies-	http://dbkwik.webdatacommons.org/memory-beta.wikia.com/property/planet	0.18243172076128122
http://dbkwik.webdatacommons.org/memory-alpha.wikia.com/property/nativeSpecies-	http://dbkwik.webdatacommons.org/memory-beta.wikia.com/property/species-	0.29868564677334386
http://dbkwik.webdatacommons.org/memory-alpha.wikia.com/property/anextreleasedinall	http://dbkwik.webdatacommons.org/memory-beta.wikia.com/property/after	0.1250000001125671
http://dbkwik.webdatacommons.org/memory-alpha.wikia.com/property/anextreleasedinall	http://dbkwik.webdatacommons.org/ontology/wikiPageWikiLink	0.24999999976466683
http://dbkwik.webdatacommons.org/memory-alpha.wikia.com/property/anextreleasedinall	http://dbkwik.webdatacommons.org/ontology/wikiPageWikiLink-	0.24999999976466683
http://dbkwik.webdatacommons.org/memory-alpha.wikia.com/property/spouse	http://dbkwik.webdatacommons.org/ontology/wikiPageWikiLink	0.5028891016961412
http://dbkwik.webdatacommons.org/memory-alpha.wikia.com/property/spouse	http://dbkwik.webdatacommons.org/ontology/wikiPageWikiLink-	0.47813300618634186
http://dbkwik.webdatacommons.org/memory-alpha.wikia.com/property/spouse	http://dbkwik.webdatacommons.org/memory-beta.wikia.com/property/spouse(s)_	0.391449092448276
http://dbkwik.webdatacommons.org/memory-alpha.wikia.com/property/spouse	http://dbkwik.webdatacommons.org/memory-beta.wikia.com/property/spouse(s)_-	0.3426053142194537
http://dbkwik.webdatacommons.org/memory-alpha.wikia.com/property/spouse-	http://dbkwik.webdatacommons.org/ontology/wikiPageWikiLink	0.4761674692484682
http://dbkwik.webdatacommons.org/memory-alpha.wikia.com/property/spouse-	http://dbkwik.webdatacommons.org/ontology/wikiPageWikiLink-	0.5008217959626972
http://dbkwik.webdatacommons.org/memory-alpha.wikia.com/property/spouse-	http://dbkwik.webdatacommons.org/memory-beta.wikia.com/property/spouse(s)_	0.3411969123908887
http://dbkwik.webdatacommons.org/memory-alpha.wikia.com/property/spouse-	http://dbkwik.webdatacommons.org/memory-beta.wikia.com/property/spouse(s)_-	0.38983990077870045
http://dbkwik.webdatacommons.org/memory-alpha.wikia.com/property/length-	http://dbkwik.webdatacommons.org/memory-beta.wikia.com/property/length-	0.19123442496875928
http://dbkwik.webdatacommons.org/memory-alpha.wikia.com/property/headOfState	http://dbkwik.webdatacommons.org/ontology/wikiPageWikiLink	0.2727558780621424
http://dbkwik.webdatacommons.org/memory-alpha.wikia.com/property/headOfState	http://dbkwik.webdatacommons.org/ontology/wikiPageWikiLink-	0.2727558780621424
http://dbkwik.webdatacommons.org/memory-alpha.wikia.com/property/headOfState	http://dbkwik.webdatacommons.org/memory-beta.wikia.com/property/headOfState	0.1363779383931678
http://dbkwik.webdatacommons.org/memory-alpha.wikia.com/property/headOfState	http://dbkwik.webdatacommons.org/memory-beta.wikia.com/property/headOfGovernment	0.13637793839361054
http://dbkwik.webdatacommons.org/memory-alpha.wikia.com/property/headOfState-	http://dbkwik.webdatacommons.org/ontology/wikiPageWikiLink	0.2727558780621424
http://dbkwik.webdatacommons.org/memory-alpha.wikia.com/property/headOfState-	http://dbkwik.webdatacommons.org/ontology/wikiPageWikiLink-	0.2727558780621424
http://dbkwik.webdatacommons.org/memory-alpha.wikia.com/property/headOfState-	http://dbkwik.webdatacommons.org/memory-beta.wikia.com/property/headOfState-	0.1363779383931678
http://dbkwik.webdatacommons.org/memory-alpha.wikia.com/property/headOfState-	http://dbkwik.webdatacommons.org/memory-beta.wikia.com/property/headOfGovernment-	0.13637793839361054
http://dbkwik.webdatacommons.org/memory-alpha.wikia.com/property/wsdate	http://dbkwik.webdatacommons.org/ontology/wikiPageWikiLink	0.47999888658344514
http://dbkwik.webdatacommons.org/memory-alpha.wikia.com/property/wsdate	http://dbkwik.webdatacommons.org/memory-beta.wikia.com/property/date	0.23999837275711172
http://dbkwik.webdatacommons.org/memory-alpha.wikia.com/property/wsdate-	http://dbkwik.webdatacommons.org/memory-beta.wikia.com/property/date-	0.30870315284951255
http://dbkwik.webdatacommons.org/memory-alpha.wikia.com/property/wsdate-	http://dbkwik.webdatacommons.org/memory-beta.wikia.com/property/stardate-	0.316912084926671
http://dbkwik.webdatacommons.org/memory-alpha.wikia.com/property/aprevproducedinseries	http://dbkwik.webdatacommons.org/ontology/wikiPageWikiLink	0.2352939382709383
http://dbkwik.webdatacommons.org/memory-alpha.wikia.com/property/aprevproducedinseries	http://dbkwik.webdatacommons.org/ontology/wikiPageWikiLink-	0.11764707348264615
http://dbkwik.webdatacommons.org/memory-alpha.wikia.com/property/defenses	http://dbkwik.webdatacommons.org/ontology/wikiPageWikiLink	0.5392511603341527
http://dbkwik.webdatacommons.org/memory-alpha.wikia.com/property/defenses	http://dbkwik.webdatacommons.org/ontology/wikiPageWikiLink-	0.1331667196588194
http://dbkwik.webdatacommons.org/memory-alpha.wikia.com/property/defenses	http://dbkwik.webdatacommons.org/memory-beta.wikia.com/property/defences	0.4773019534831742
http://dbkwik.webdatacommons.org/memory-alpha.wikia.com/property/defenses-	http://dbkwik.webdatacommons.org/ontology/wikiPageWikiLink	0.1321316858447495
http://dbkwik.webdatacommons.org/memory-alpha.wikia.com/property/defenses-	http://dbkwik.webdatacommons.org/ontology/wikiPageWikiLink-	0.5350598489715822
http://dbkwik.webdatacommons.org/memory-alpha.wikia.com/property/defenses-	http://dbkwik.webdatacommons.org/memory-beta.wikia.com/property/defences-	0.4735921402307159
http://dbkwik.webdatacommons.org/memory-alpha.wikia.com/property/anextinuniversetimeline	http://dbkwik.webdatacommons.org/memory-beta.wikia.com/property/after	0.12499999994646911
http://dbkwik.webdatacommons.org/memory-alpha.wikia.com/property/anextinuniversetimeline	http://dbkwik.webdatacommons.org/ontology/wikiPageWikiLink	0.3124999996304773
http://dbkwik.webdatacommons.org/memory-alpha.wikia.com/property/anextinuniversetimeline	http://dbkwik.webdatacommons.org/ontology/wikiPageWikiLink-	0.18749999968403822
http://dbkwik.webdatacommons.org/memory-alpha.wikia.com/property/wsdirectedby	http://dbkwik.webdatacommons.org/ontology/wikiPageWikiLink	0.20053674497637927
http://dbkwik.webdatacommons.org/memory-alpha.wikia.com/property/wsdirectedby	http://dbkwik.webdatacommons.org/ontology/wikiPageWikiLink-	0.19455180951226617
http://dbkwik.webdatacommons.org/memory-alpha.wikia.com/property/wsdirectedby	http://dbkwik.webdatacommons.org/memory-beta.wikia.com/property/director	0.194550535104012
http://dbkwik.webdatacommons.org/memory-alpha.wikia.com/property/wsdirectedby-	http://dbkwik.webdatacommons.org/ontology/wikiPageWikiLink	0.1945518095122661
http://dbkwik.webdatacommons.org/memory-alpha.wikia.com/property/wsdirectedby-	http://dbkwik.webdatacommons.org/ontology/wikiPageWikiLink-	0.20053674497637924
http://dbkwik.webdatacommons.org/memory-alpha.wikia.com/property/wsdirectedby-	http://dbkwik.webdatacommons.org/memory-beta.wikia.com/property/director-	0.19455053510401196
http://dbkwik.webdatacommons.org/memory-alpha.wikia.com/property/mother	http://dbkwik.webdatacommons.org/ontology/wikiPageWikiLink	0.549895667127929
http://dbkwik.webdatacommons.org/memory-alpha.wikia.com/property/mother	http://dbkwik.webdatacommons.org/ontology/wikiPageWikiLink-	0.5046804508648527
http://dbkwik.webdatacommons.org/memory-alpha.wikia.com/property/mother	http://dbkwik.webdatacommons.org/memory-beta.wikia.com/property/mother	0.4293308694648093
http://dbkwik.webdatacommons.org/memory-alpha.wikia.com/property/mother	http://dbkwik.webdatacommons.org/memory-beta.wikia.com/property/children-	0.3238321494640296
http://dbkwik.webdatacommons.org/memory-alpha.wikia.com/property/mother-	http://dbkwik.webdatacommons.org/ontology/wikiPageWikiLink	0.5009055294506655
http://dbkwik.webdatacommons.org/memory-alpha.wikia.com/property/mother-	http://dbkwik.webdatacommons.org/ontology/wikiPageWikiLink-	0.545782543812269
http://dbkwik.webdatacommons.org/memory-alpha.wikia.com/property/mother-	http://dbkwik.webdatacommons.org/memory-beta.wikia.com/property/children	0.32140994168181974
http://dbkwik.webdatacommons.org/memory-alpha.wikia.com/property/mother-	http://dbkwik.webdatacommons.org/memory-beta.wikia.com/property/mother-	0.4335993746497858
http://dbkwik.webdatacommons.org/memory-alpha.wikia.com/property/dt-	skos:altLabel-	0.6063017511675778
http://dbkwik.webdatacommons.org/memory-alpha.wikia.com/property/dt-	http://dbkwik.webdatacommons.org/memory-beta.wikia.com/property/name-	0.5652770061522178
http://dbkwik.webdatacommons.org/memory-alpha.wikia.com/property/dt-	rdfs:label-	0.4410117903209617
http://dbkwik.webdatacommons.org/memory-alpha.wikia.com/property/dt-	http://dbkwik.webdatacommons.org/ontology/wikiPageWikiLinkText-	0.407305394250839
http://dbkwik.webdatacommons.org/memory-alpha.wikia.com/property/season-	http://dbkwik.webdatacommons.org/memory-beta.wikia.com/property/episode-	0.978962761770847
http://dbkwik.webdatacommons.org/memory-alpha.wikia.com/property/wswrittenby	http://dbkwik.webdatacommons.org/ontology/wikiPageWikiLink	0.46801261132101496
http://dbkwik.webdatacommons.org/memory-alpha.wikia.com/property/wswrittenby	http://dbkwik.webdatacommons.org/ontology/wikiPageWikiLink-	0.2868523607675905
http://dbkwik.webdatacommons.org/memory-alpha.wikia.com/property/wswrittenby	http://dbkwik.webdatacommons.org/memory-beta.wikia.com/property/written	0.42272568303798624
http://dbkwik.webdatacommons.org/memory-alpha.wikia.com/property/wswrittenby-	http://dbkwik.webdatacommons.org/ontology/wikiPageWikiLink	0.2868523607675906
http://dbkwik.webdatacommons.org/memory-alpha.wikia.com/property/wswrittenby-	http://dbkwik.webdatacommons.org/ontology/wikiPageWikiLink-	0.46801261132101496
http://dbkwik.webdatacommons.org/memory-alpha.wikia.com/property/wswrittenby-	http://dbkwik.webdatacommons.org/memory-beta.wikia.com/property/written-	0.42272568303798624
http://dbkwik.webdatacommons.org/memory-alpha.wikia.com/property/combatant	http://dbkwik.webdatacommons.org/ontology/wikiPageWikiLink	0.5394912211649081
http://dbkwik.webdatacommons.org/memory-alpha.wikia.com/property/combatant	http://dbkwik.webdatacommons.org/ontology/wikiPageWikiLink-	0.15413949789001777
http://dbkwik.webdatacommons.org/memory-alpha.wikia.com/property/combatant	http://dbkwik.webdatacommons.org/memory-beta.wikia.com/property/belligerent	0.26204442448344895
http://dbkwik.webdatacommons.org/memory-alpha.wikia.com/property/combatant-	http://dbkwik.webdatacommons.org/ontology/wikiPageWikiLink	0.12683677897369122
http://dbkwik.webdatacommons.org/memory-alpha.wikia.com/property/combatant-	http://dbkwik.webdatacommons.org/ontology/wikiPageWikiLink-	0.443931177367431
http://dbkwik.webdatacommons.org/memory-alpha.wikia.com/property/combatant-	http://dbkwik.webdatacommons.org/memory-beta.wikia.com/property/belligerent-	0.215628513161569
http://dbkwik.webdatacommons.org/memory-alpha.wikia.com/property/location	http://dbkwik.webdatacommons.org/ontology/wikiPageWikiLink	0.4671223403652972
http://dbkwik.webdatacommons.org/memory-alpha.wikia.com/property/location	http://dbkwik.webdatacommons.org/ontology/wikiPageWikiLink-	0.2732921053106483
http://dbkwik.webdatacommons.org/memory-alpha.wikia.com/property/location	http://dbkwik.webdatacommons.org/memory-beta.wikia.com/property/location	0.2577135390255696
http://dbkwik.webdatacommons.org/memory-alpha.wikia.com/property/location-	http://dbkwik.webdatacommons.org/ontology/wikiPageWikiLink	0.2690568198862684
http://dbkwik.webdatacommons.org/memory-alpha.wikia.com/property/location-	http://dbkwik.webdatacommons.org/ontology/wikiPageWikiLink-	0.4598832127025989
http://dbkwik.webdatacommons.org/memory-alpha.wikia.com/property/location-	http://dbkwik.webdatacommons.org/memory-beta.wikia.com/property/location-	0.25371967907026766
http://dbkwik.webdatacommons.org/memory-alpha.wikia.com/property/issues-	http://dbkwik.webdatacommons.org/memory-beta.wikia.com/property/original-	0.1463464475785099
http://dbkwik.webdatacommons.org/memory-alpha.wikia.com/property/born	http://dbkwik.webdatacommons.org/ontology/wikiPageWikiLink	0.47229619492689945
http://dbkwik.webdatacommons.org/memory-alpha.wikia.com/property/born	http://dbkwik.webdatacommons.org/ontology/wikiPageWikiLink-	0.2685950887608668
http://dbkwik.webdatacommons.org/memory-alpha.wikia.com/property/born	http://dbkwik.webdatacommons.org/memory-beta.wikia.com/property/birthplace	0.18293592941210202
http://dbkwik.webdatacommons.org/memory-alpha.wikia.com/property/born-	http://dbkwik.webdatacommons.org/ontology/wikiPageWikiLink	0.13990730716703814
http://dbkwik.webdatacommons.org/memory-alpha.wikia.com/property/born-	http://dbkwik.webdatacommons.org/ontology/wikiPageWikiLink-	0.24601227491650368
http://dbkwik.webdatacommons.org/memory-alpha.wikia.com/property/born-	http://dbkwik.webdatacommons.org/memory-beta.wikia.com/property/born-	0.17841280360477968
http://dbkwik.webdatacommons.org/memory-alpha.wikia.com/property/stardate-	http://dbkwik.webdatacommons.org/memory-beta.wikia.com/property/stardate-	0.6044814433698371
http://dbkwik.webdatacommons.org/memory-alpha.wikia.com/property/satellites	http://dbkwik.webdatacommons.org/ontology/wikiPageWikiLink	0.45820205720486845
http://dbkwik.webdatacommons.org/memory-alpha.wikia.com/property/satellites	http://dbkwik.webdatacommons.org/ontology/wikiPageWikiLink-	0.384304220391958
http://dbkwik.webdatacommons.org/memory-alpha.wikia.com/property/satellites	http://dbkwik.webdatacommons.org/memory-beta.wikia.com/property/location-	0.28575737231889625
http://dbkwik.webdatacommons.org/memory-alpha.wikia.com/property/satellites-	http://dbkwik.webdatacommons.org/ontology/wikiPageWikiLink	0.2910768191037397
http://dbkwik.webdatacommons.org/memory-alpha.wikia.com/property/satellites-	http://dbkwik.webdatacommons.org/ontology/wikiPageWikiLink-	0.34704796419345757
http://dbkwik.webdatacommons.org/memory-alpha.wikia.com/property/satellites-	http://dbkwik.webdatacommons.org/memory-beta.wikia.com/property/location	0.2164362048514415
http://dbkwik.webdatacommons.org/memory-alpha.wikia.com/property/crew-	http://dbkwik.webdatacommons.org/memory-beta.wikia.com/property/crew-	0.15295643813076557
http://dbkwik.webdatacommons.org/memory-alpha.wikia.com/property/narc0partnumber-	http://dbkwik.webdatacommons.org/memory-beta.wikia.com/property/episode-	0.11731845511215785
http://dbkwik.webdatacommons.org/memory-alpha.wikia.com/property/sairdatemonth	http://dbkwik.webdatacommons.org/ontology/wikiPageWikiLink	0.1666666666663609
http://dbkwik.webdatacommons.org/memory-alpha.wikia.com/property/wsarc1desc	http://dbkwik.webdatacommons.org/ontology/wikiPageWikiLink	0.44186426439087395
http://dbkwik.webdatacommons.org/memory-alpha.wikia.com/property/wsarc1desc	http://dbkwik.webdatacommons.org/ontology/wikiPageWikiLink-	0.48837630170417445
http://dbkwik.webdatacommons.org/memory-alpha.wikia.com/property/wsarc1desc-	http://dbkwik.webdatacommons.org/ontology/wikiPageWikiLink	0.4666705058198245
http://dbkwik.webdatacommons.org/memory-alpha.wikia.com/property/wsarc1desc-	http://dbkwik.webdatacommons.org/ontology/wikiPageWikiLink-	0.4222256875434937
skos:related	skos:broader	0.11068004924419396
skos:related	skos:related	0.12912666823522717
skos:related-	skos:broader-	0.11068004924419396
skos:related-	skos:related-	0.12912666823522717
http://dbkwik.webdatacommons.org/memory-alpha.wikia.com/property/armament	http://dbkwik.webdatacommons.org/ontology/wikiPageWikiLink	0.3651832489594358
http://dbkwik.webdatacommons.org/memory-alpha.wikia.com/property/armament	http://dbkwik.webdatacommons.org/memory-beta.wikia.com/property/armaments	0.14163540648849768
http://dbkwik.webdatacommons.org/memory-alpha.wikia.com/property/armament-	http://dbkwik.webdatacommons.org/ontology/wikiPageWikiLink-	0.2832436576560777
http://dbkwik.webdatacommons.org/memory-alpha.wikia.com/property/armament-	http://dbkwik.webdatacommons.org/memory-beta.wikia.com/property/armaments-	0.1678536216750898
http://dbkwik.webdatacommons.org/memory-alpha.wikia.com/property/aself	http://dbkwik.webdatacommons.org/ontology/wikiPageWikiLink	0.5326583738213978
http://dbkwik.webdatacommons.org/memory-alpha.wikia.com/property/aself	http://dbkwik.webdatacommons.org/ontology/wikiPageWikiLink-	0.553183306413977
http://dbkwik.webdatacommons.org/memory-alpha.wikia.com/property/aself	http://dbkwik.webdatacommons.org/memory-beta.wikia.com/property/title	0.30728745705633126
http://dbkwik.webdatacommons.org/memory-alpha.wikia.com/property/aself	http://dbkwik.webdatacommons.org/ontology/wikiPageDisambiguates-	0.18439449166987001
http://dbkwik.webdatacommons.org/memory-alpha.wikia.com/property/aself-	skos:altLabel-	0.8131223576959986
http://dbkwik.webdatacommons.org/memory-alpha.wikia.com/property/aself-	rdfs:label-	0.7747677190157468
http://dbkwik.webdatacommons.org/memory-alpha.wikia.com/property/aself-	http://dbkwik.webdatacommons.org/memory-beta.wikia.com/property/title-	0.8959662536129676
http://dbkwik.webdatacommons.org/memory-alpha.wikia.com/property/aself-	http://dbkwik.webdatacommons.org/ontology/wikiPageWikiLinkText-	0.8944348120496033
http://dbkwik.webdatacommons.org/memory-alpha.wikia.com/property/class	http://dbkwik.webdatacommons.org/ontology/wikiPageWikiLink	0.4205201613573654
http://dbkwik.webdatacommons.org/memory-alpha.wikia.com/property/class	http://dbkwik.webdatacommons.org/ontology/wikiPageWikiLink-	0.15803492463671703
http://dbkwik.webdatacommons.org/memory-alpha.wikia.com/property/class	http://dbkwik.webdatacommons.org/memory-beta.wikia.com/property/class	0.11955341544097507
http://dbkwik.webdatacommons.org/memory-alpha.wikia.com/property/class-	http://dbkwik.webdatacommons.org/ontology/wikiPageWikiLink	0.15609972756073345
http://dbkwik.webdatacommons.org/memory-alpha.wikia.com/property/class-	http://dbkwik.webdatacommons.org/ontology/wikiPageWikiLink-	0.4153707338588449
http://dbkwik.webdatacommons.org/memory-alpha.wikia.com/property/class-	http://dbkwik.webdatacommons.org/memory-beta.wikia.com/property/class-	0.11808943891479222
http://dbkwik.webdatacommons.org/memory-alpha.wikia.com/property/planets	http://dbkwik.webdatacommons.org/ontology/wikiPageWikiLink	0.49204485886612587
http://dbkwik.webdatacommons.org/memory-alpha.wikia.com/property/planets	http://dbkwik.webdatacommons.org/ontology/wikiPageWikiLink-	0.4330308987354537
http://dbkwik.webdatacommons.org/memory-alpha.wikia.com/property/planets	http://dbkwik.webdatacommons.org/memory-beta.wikia.com/property/location-	0.31492254536871644
http://dbkwik.webdatacommons.org/memory-alpha.wikia.com/property/planets-	http://dbkwik.webdatacommons.org/ontology/wikiPageWikiLink	0.4166283853465689
http://dbkwik.webdatacommons.org/memory-alpha.wikia.com/property/planets-	http://dbkwik.webdatacommons.org/ontology/wikiPageWikiLink-	0.4734069916629955
http://dbkwik.webdatacommons.org/memory-alpha.wikia.com/property/planets-	http://dbkwik.webdatacommons.org/memory-beta.wikia.com/property/location	0.3029937862848809
http://dbkwik.webdatacommons.org/memory-alpha.wikia.com/property/orbitalcap	http://dbkwik.webdatacommons.org/ontology/wikiPageWikiLink	0.13335383691001615
http://dbkwik.webdatacommons.org/memory-alpha.wikia.com/property/orbitalcap	http://dbkwik.webdatacommons.org/ontology/wikiPageWikiLink-	0.20003076066096764
http://dbkwik.webdatacommons.org/memory-alpha.wikia.com/property/orbitalcap	http://dbkwik.webdatacommons.org/memory-beta.wikia.com/property/planetName	0.13335383691001615
http://dbkwik.webdatacommons.org/memory-alpha.wikia.com/property/orbitalcap	http://dbkwik.webdatacommons.org/memory-beta.wikia.com/property/species	0.13335383691001615
http://dbkwik.webdatacommons.org/memory-alpha.wikia.com/property/orbitalcap-	skos:altLabel-	0.5224166229919963
http://dbkwik.webdatacommons.org/memory-alpha.wikia.com/property/orbitalcap-	rdfs:label-	0.5224166229919963
http://dbkwik.webdatacommons.org/memory-alpha.wikia.com/property/orbitalcap-	http://dbkwik.webdatacommons.org/memory-beta.wikia.com/property/planetName-	0.29852378219453984
http://dbkwik.webdatacommons.org/memory-alpha.wikia.com/property/orbitalcap-	http://dbkwik.webdatacommons.org/ontology/wikiPageWikiLinkText-	0.7612154143743366
http://dbkwik.webdatacommons.org/memory-alpha.wikia.com/property/last	http://dbkwik.webdatacommons.org/memory-beta.wikia.com/property/after-	0.6449813193224054
http://dbkwik.webdatacommons.org/memory-alpha.wikia.com/property/last	http://dbkwik.webdatacommons.org/ontology/wikiPageWikiLink	0.6449813193224054
http://dbkwik.webdatacommons.org/memory-alpha.wikia.com/property/last	http://dbkwik.webdatacommons.org/ontology/wikiPageWikiLink-	0.6449813193224054
http://dbkwik.webdatacommons.org/memory-alpha.wikia.com/property/last	http://dbkwik.webdatacommons.org/memory-beta.wikia.com/property/before	0.6449813193224054
http://dbkwik.webdatacommons.org/memory-alpha.wikia.com/property/last-	http://dbkwik.webdatacommons.org/memory-beta.wikia.com/property/after	0.6449813193224054
http://dbkwik.webdatacommons.org/memory-alpha.wikia.com/property/last-	http://dbkwik.webdatacommons.org/ontology/wikiPageWikiLink	0.6449813193224054
http://dbkwik.webdatacommons.org/memory-alpha.wikia.com/property/last-	http://dbkwik.webdatacommons.org/ontology/wikiPageWikiLink-	0.6449813193224054
http://dbkwik.webdatacommons.org/memory-alpha.wikia.com/property/last-	http://dbkwik.webdatacommons.org/memory-beta.wikia.com/property/before-	0.6449813193224054
http://dbkwik.webdatacommons.org/memory-alpha.wikia.com/property/title-	skos:altLabel-	0.6042261287395556
http://dbkwik.webdatacommons.org/memory-alpha.wikia.com/property/title-	http://dbkwik.webdatacommons.org/ontology/wikiPageWikiLinkText-	0.547547099096875
http://dbkwik.webdatacommons.org/memory-alpha.wikia.com/property/planet	http://dbkwik.webdatacommons.org/ontology/wikiPageWikiLink	0.47224582745755483
http://dbkwik.webdatacommons.org/memory-alpha.wikia.com/property/planet	http://dbkwik.webdatacommons.org/ontology/wikiPageWikiLink-	0.445997802182816
http://dbkwik.webdatacommons.org/memory-alpha.wikia.com/property/planet	http://dbkwik.webdatacommons.org/memory-beta.wikia.com/property/planet	0.16892027345964103
http://dbkwik.webdatacommons.org/memory-alpha.wikia.com/property/planet	http://dbkwik.webdatacommons.org/memory-beta.wikia.com/property/species-	0.25528939507493925
http://dbkwik.webdatacommons.org/memory-alpha.wikia.com/property/planet-	http://dbkwik.webdatacommons.org/ontology/wikiPageWikiLink	0.4406805015172909
http://dbkwik.webdatacommons.org/memory-alpha.wikia.com/property/planet-	http://dbkwik.webdatacommons.org/ontology/wikiPageWikiLink-	0.46661559107445677
http://dbkwik.webdatacommons.org/memory-alpha.wikia.com/property/planet-	http://dbkwik.webdatacommons.org/memory-beta.wikia.com/property/planet-	0.16690636245359652
http://dbkwik.webdatacommons.org/memory-alpha.wikia.com/property/planet-	http://dbkwik.webdatacommons.org/memory-beta.wikia.com/property/species	0.25224576915640384
http://dbkwik.webdatacommons.org/memory-alpha.wikia.com/property/holoprogram	http://dbkwik.webdatacommons.org/ontology/wikiPageWikiLink	0.12171307254948423
http://dbkwik.webdatacommons.org/memory-alpha.wikia.com/property/holoprogram-	http://dbkwik.webdatacommons.org/ontology/wikiPageWikiLink-	0.12008980705962283
http://dbkwik.webdatacommons.org/memory-alpha.wikia.com/property/operator	http://dbkwik.webdatacommons.org/ontology/wikiPageWikiLink	0.6103982392868744
http://dbkwik.webdatacommons.org/memory-alpha.wikia.com/property/operator	http://dbkwik.webdatacommons.org/memory-beta.wikia.com/property/affiliation	0.5501313364936966
http://dbkwik.webdatacommons.org/memory-alpha.wikia.com/property/operator-	http://dbkwik.webdatacommons.org/ontology/wikiPageWikiLink-	0.6063743677971409
http://dbkwik.webdatacommons.org/memory-alpha.wikia.com/property/operator-	http://dbkwik.webdatacommons.org/memory-beta.wikia.com/property/affiliation-	0.5481530815595391
http://dbkwik.webdatacommons.org/memory-alpha.wikia.com/property/losses	http://dbkwik.webdatacommons.org/ontology/wikiPageWikiLink	0.18301763373968954
http://dbkwik.webdatacommons.org/memory-alpha.wikia.com/property/losses-	http://dbkwik.webdatacommons.org/memory-beta.wikia.com/property/casualties-	0.12057646309952481
http://dbkwik.webdatacommons.org/memory-alpha.wikia.com/property/serialNumber-	http://dbkwik.webdatacommons.org/memory-beta.wikia.com/property/serialNumber-	0.15419043561524443
http://dbkwik.webdatacommons.org/memory-alpha.wikia.com/property/speed	http://dbkwik.webdatacommons.org/ontology/wikiPageWikiLink	0.47599723736517385
http://dbkwik.webdatacommons.org/memory-alpha.wikia.com/property/speed	http://dbkwik.webdatacommons.org/memory-beta.wikia.com/property/cruspeed	0.11771716953331958
http://dbkwik.webdatacommons.org/memory-alpha.wikia.com/property/speed	http://dbkwik.webdatacommons.org/memory-beta.wikia.com/property/maxspeed	0.1648038960167753
http://dbkwik.webdatacommons.org/memory-alpha.wikia.com/property/speed	http://dbkwik.webdatacommons.org/memory-beta.wikia.com/property/speed	0.18352888019249508
http://dbkwik.webdatacommons.org/memory-alpha.wikia.com/property/speed-	http://dbkwik.webdatacommons.org/ontology/wikiPageWikiLink-	0.4406673795947765
http://dbkwik.webdatacommons.org/memory-alpha.wikia.com/property/speed-	http://dbkwik.webdatacommons.org/memory-beta.wikia.com/property/cruspeed-	0.10897986912425169
http://dbkwik.webdatacommons.org/memory-alpha.wikia.com/property/speed-	http://dbkwik.webdatacommons.org/memory-beta.wikia.com/property/speed-	0.1699068489600182
http://dbkwik.webdatacommons.org/memory-alpha.wikia.com/property/speed-	http://dbkwik.webdatacommons.org/memory-beta.wikia.com/property/maxspeed-	0.15257168593398204
http://dbkwik.webdatacommons.org/memory-alpha.wikia.com/property/aarc0nextpart	http://dbkwik.webdatacommons.org/ontology/wikiPageWikiLink	0.13333333297045138
http://dbkwik.webdatacommons.org/memory-alpha.wikia.com/property/aarc0nextpart	http://dbkwik.webdatacommons.org/ontology/wikiPageWikiLink-	0.19999999969970816
http://dbkwik.webdatacommons.org/memory-alpha.wikia.com/property/aarc0nextpart-	skos:altLabel-	0.13235295629457397
http://dbkwik.webdatacommons.org/memory-alpha.wikia.com/property/father	http://dbkwik.webdatacommons.org/ontology/wikiPageWikiLink	0.5517114208856472
http://dbkwik.webdatacommons.org/memory-alpha.wikia.com/property/father	http://dbkwik.webdatacommons.org/ontology/wikiPageWikiLink-	0.4920212758697703
http://dbkwik.webdatacommons.org/memory-alpha.wikia.com/property/father	http://dbkwik.webdatacommons.org/memory-beta.wikia.com/property/children-	0.3627415953463672
http://dbkwik.webdatacommons.org/memory-alpha.wikia.com/property/father	http://dbkwik.webdatacommons.org/memory-beta.wikia.com/property/father	0.44745170303061976
http://dbkwik.webdatacommons.org/memory-alpha.wikia.com/property/father-	http://dbkwik.webdatacommons.org/ontology/wikiPageWikiLink	0.48958673691546356
http://dbkwik.webdatacommons.org/memory-alpha.wikia.com/property/father-	http://dbkwik.webdatacommons.org/ontology/wikiPageWikiLink-	0.5489815329487735
http://dbkwik.webdatacommons.org/memory-alpha.wikia.com/property/father-	http://dbkwik.webdatacommons.org/memory-beta.wikia.com/property/children	0.36094673689709167
http://dbkwik.webdatacommons.org/memory-alpha.wikia.com/property/father-	http://dbkwik.webdatacommons.org/memory-beta.wikia.com/property/father-	0.4501857318604297
http://dbkwik.webdatacommons.org/memory-alpha.wikia.com/property/language	http://dbkwik.webdatacommons.org/ontology/wikiPageWikiLink	0.3333127716023043
http://dbkwik.webdatacommons.org/memory-alpha.wikia.com/property/language	http://dbkwik.webdatacommons.org/ontology/wikiPageWikiLink-	0.33334361418685804
http://dbkwik.webdatacommons.org/memory-alpha.wikia.com/property/language	http://dbkwik.webdatacommons.org/memory-beta.wikia.com/property/language	0.16664096449438826
http://dbkwik.webdatacommons.org/memory-alpha.wikia.com/property/language-	http://dbkwik.webdatacommons.org/ontology/wikiPageWikiLink	0.308846616155857
http://dbkwik.webdatacommons.org/memory-alpha.wikia.com/property/language-	http://dbkwik.webdatacommons.org/ontology/wikiPageWikiLink-	0.3088180401535953
http://dbkwik.webdatacommons.org/memory-alpha.wikia.com/property/language-	http://dbkwik.webdatacommons.org/memory-beta.wikia.com/property/language-	0.15439473206224444
http://dbkwik.webdatacommons.org/memory-alpha.wikia.com/property/image2cap	http://dbkwik.webdatacommons.org/ontology/wikiPageWikiLink	0.2666666666621128
http://dbkwik.webdatacommons.org/memory-alpha.wikia.com/property/image2cap	http://dbkwik.webdatacommons.org/memory-beta.wikia.com/property/office	0.13333333333406008
http://dbkwik.webdatacommons.org/memory-alpha.wikia.com/property/image2cap	http://dbkwik.webdatacommons.org/ontology/wikiPageWikiLink-	0.13333333333406008
http://dbkwik.webdatacommons.org/memory-alpha.wikia.com/property/image2cap-	http://dbkwik.webdatacommons.org/ontology/wikiPageWikiLink	0.13333333333406008
http://dbkwik.webdatacommons.org/memory-alpha.wikia.com/property/image2cap-	http://dbkwik.webdatacommons.org/ontology/wikiPageWikiLink-	0.26666666666211275
http://dbkwik.webdatacommons.org/memory-alpha.wikia.com/property/image2cap-	http://dbkwik.webdatacommons.org/memory-beta.wikia.com/property/office-	0.13333333333406008
http://dbkwik.webdatacommons.org/memory-alpha.wikia.com/property/result	http://dbkwik.webdatacommons.org/ontology/wikiPageWikiLink	0.5140664243044706
http://dbkwik.webdatacommons.org/memory-alpha.wikia.com/property/result	http://dbkwik.webdatacommons.org/ontology/wikiPageWikiLink-	0.2188202697582217
http://dbkwik.webdatacommons.org/memory-alpha.wikia.com/property/result	http://dbkwik.webdatacommons.org/memory-beta.wikia.com/property/result	0.11584602517672564
http://dbkwik.webdatacommons.org/memory-alpha.wikia.com/property/result	http://dbkwik.webdatacommons.org/memory-beta.wikia.com/property/belligerent	0.15367048567057373
http://dbkwik.webdatacommons.org/memory-alpha.wikia.com/property/result-	http://dbkwik.webdatacommons.org/ontology/wikiPageWikiLink	0.1918305625500027
http://dbkwik.webdatacommons.org/memory-alpha.wikia.com/property/result-	http://dbkwik.webdatacommons.org/ontology/wikiPageWikiLink-	0.4506604962664331
http://dbkwik.webdatacommons.org/memory-alpha.wikia.com/property/result-	http://dbkwik.webdatacommons.org/memory-beta.wikia.com/property/belligerent-	0.13471647643104456
http://dbkwik.webdatacommons.org/memory-alpha.wikia.com/property/result-	http://dbkwik.webdatacommons.org/memory-beta.wikia.com/property/result-	0.1354098088712252
http://dbkwik.webdatacommons.org/memory-alpha.wikia.com/property/conflictName-	skos:altLabel-	0.5593565689211648
http://dbkwik.webdatacommons.org/memory-alpha.wikia.com/property/conflictName-	rdfs:label-	0.5254561820092395
http://dbkwik.webdatacommons.org/memory-alpha.wikia.com/property/conflictName-	http://dbkwik.webdatacommons.org/memory-beta.wikia.com/property/conflictName-	0.3390008143518954
http://dbkwik.webdatacommons.org/memory-alpha.wikia.com/property/conflictName-	http://dbkwik.webdatacommons.org/ontology/wikiPageWikiLinkText-	0.779652204944102
http://dbkwik.webdatacommons.org/memory-alpha.wikia.com/property/sd-	http://dbkwik.webdatacommons.org/ontology/wikiPageWikiLinkText-	0.13333333333332936
http://dbkwik.webdatacommons.org/memory-alpha.wikia.com/property/military	http://dbkwik.webdatacommons.org/ontology/wikiPageWikiLink	0.3336274947287451
http://dbkwik.webdatacommons.org/memory-alpha.wikia.com/property/military	http://dbkwik.webdatacommons.org/ontology/wikiPageWikiLink-	0.33362749472780373
http://dbkwik.webdatacommons.org/memory-alpha.wikia.com/property/military	http://dbkwik.webdatacommons.org/memory-beta.wikia.com/property/allegiance-	0.25022062117669747
http://dbkwik.webdatacommons.org/memory-alpha.wikia.com/property/military	http://dbkwik.webdatacommons.org/memory-beta.wikia.com/property/military	0.12511031058482908
http://dbkwik.webdatacommons.org/memory-alpha.wikia.com/property/military-	http://dbkwik.webdatacommons.org/ontology/wikiPageWikiLink	0.320271089564692
http://dbkwik.webdatacommons.org/memory-alpha.wikia.com/property/military-	http://dbkwik.webdatacommons.org/ontology/wikiPageWikiLink-	0.32027108956559575
http://dbkwik.webdatacommons.org/memory-alpha.wikia.com/property/military-	http://dbkwik.webdatacommons.org/memory-beta.wikia.com/property/allegiance	0.24020331729912547
http://dbkwik.webdatacommons.org/memory-alpha.wikia.com/property/military-	http://dbkwik.webdatacommons.org/memory-beta.wikia.com/property/military-	0.120101658646184
http://dbkwik.webdatacommons.org/memory-alpha.wikia.com/property/anum-	http://dbkwik.webdatacommons.org/memory-beta.wikia.com/property/number-	0.33574835582073953
http://dbkwik.webdatacommons.org/memory-alpha.wikia.com/property/creator	http://dbkwik.webdatacommons.org/ontology/wikiPageWikiLink	0.17642232297721505
http://dbkwik.webdatacommons.org/memory-alpha.wikia.com/property/creator	http://dbkwik.webdatacommons.org/ontology/wikiPageWikiLink-	0.11047240635257782
http://dbkwik.webdatacommons.org/memory-alpha.wikia.com/property/creator-	http://dbkwik.webdatacommons.org/ontology/wikiPageWikiLink	0.11047240635257786
http://dbkwik.webdatacommons.org/memory-alpha.wikia.com/property/creator-	http://dbkwik.webdatacommons.org/ontology/wikiPageWikiLink-	0.17642232297721505
http://dbkwik.webdatacommons.org/memory-alpha.wikia.com/property/from	http://dbkwik.webdatacommons.org/ontology/wikiPageWikiLink	0.1277947121407866
http://dbkwik.webdatacommons.org/memory-alpha.wikia.com/property/from	http://dbkwik.webdatacommons.org/ontology/wikiPageWikiLink-	0.14905848746451889
http://dbkwik.webdatacommons.org/memory-alpha.wikia.com/property/from-	http://dbkwik.webdatacommons.org/ontology/wikiPageWikiLink	0.14905848746451886
http://dbkwik.webdatacommons.org/memory-alpha.wikia.com/property/from-	http://dbkwik.webdatacommons.org/ontology/wikiPageWikiLink-	0.1277947121407866
http://dbkwik.webdatacommons.org/memory-alpha.wikia.com/property/owner	http://dbkwik.webdatacommons.org/ontology/wikiPageWikiLink	0.5784583147430734
http://dbkwik.webdatacommons.org/memory-alpha.wikia.com/property/owner	http://dbkwik.webdatacommons.org/memory-beta.wikia.com/property/affiliation	0.4277789766293493
http://dbkwik.webdatacommons.org/memory-alpha.wikia.com/property/owner-	http://dbkwik.webdatacommons.org/ontology/wikiPageWikiLink-	0.5761407085853245
http://dbkwik.webdatacommons.org/memory-alpha.wikia.com/property/owner-	http://dbkwik.webdatacommons.org/memory-beta.wikia.com/property/affiliation-	0.4260650706051409
http://dbkwik.webdatacommons.org/memory-alpha.wikia.com/property/decks-	http://dbkwik.webdatacommons.org/memory-beta.wikia.com/property/decks-	0.2187576707034783
http://dbkwik.webdatacommons.org/memory-alpha.wikia.com/property/headOfGovernment	http://dbkwik.webdatacommons.org/ontology/wikiPageWikiLink	0.3500028133728941
http://dbkwik.webdatacommons.org/memory-alpha.wikia.com/property/headOfGovernment	http://dbkwik.webdatacommons.org/ontology/wikiPageWikiLink-	0.3500028133728941
http://dbkwik.webdatacommons.org/memory-alpha.wikia.com/property/headOfGovernment	http://dbkwik.webdatacommons.org/memory-beta.wikia.com/property/headOfState	0.15000120573110376
http://dbkwik.webdatacommons.org/memory-alpha.wikia.com/property/headOfGovernment	http://dbkwik.webdatacommons.org/memory-beta.wikia.com/property/headOfGovernment	0.20000160764165897
http://dbkwik.webdatacommons.org/memory-alpha.wikia.com/property/headOfGovernment-	http://dbkwik.webdatacommons.org/ontology/wikiPageWikiLink	0.3500028133728941
http://dbkwik.webdatacommons.org/memory-alpha.wikia.com/property/headOfGovernment-	http://dbkwik.webdatacommons.org/ontology/wikiPageWikiLink-	0.3500028133728941
http://dbkwik.webdatacommons.org/memory-alpha.wikia.com/property/headOfGovernment-	http://dbkwik.webdatacommons.org/memory-beta.wikia.com/property/headOfState-	0.15000120573110376
http://dbkwik.webdatacommons.org/memory-alpha.wikia.com/property/headOfGovernment-	http://dbkwik.webdatacommons.org/memory-beta.wikia.com/property/headOfGovernment-	0.20000160764165897
http://dbkwik.webdatacommons.org/memory-alpha.wikia.com/property/character	http://dbkwik.webdatacommons.org/ontology/wikiPageWikiLink	0.2144308811186163
http://dbkwik.webdatacommons.org/memory-alpha.wikia.com/property/character	http://dbkwik.webdatacommons.org/ontology/wikiPageWikiLink-	0.11885616437033648
http://dbkwik.webdatacommons.org/memory-alpha.wikia.com/property/character-	http://dbkwik.webdatacommons.org/ontology/wikiPageWikiLink	0.11885616437033648
http://dbkwik.webdatacommons.org/memory-alpha.wikia.com/property/character-	http://dbkwik.webdatacommons.org/ontology/wikiPageWikiLink-	0.2144308811186163
http://dbkwik.webdatacommons.org/memory-alpha.wikia.com/property/actualIdentity	http://dbkwik.webdatacommons.org/ontology/wikiPageWikiLink	0.2501018638957221
http://dbkwik.webdatacommons.org/memory-alpha.wikia.com/property/actualIdentity	http://dbkwik.webdatacommons.org/ontology/wikiPageWikiLink-	0.3749879135416308
http://dbkwik.webdatacommons.org/memory-alpha.wikia.com/property/actualIdentity	http://dbkwik.webdatacommons.org/memory-beta.wikia.com/property/alias-	0.27505841683277904
http://dbkwik.webdatacommons.org/memory-alpha.wikia.com/property/actualIdentity-	http://dbkwik.webdatacommons.org/ontology/wikiPageWikiLink	0.28302489512587714
http://dbkwik.webdatacommons.org/memory-alpha.wikia.com/property/actualIdentity-	http://dbkwik.webdatacommons.org/ontology/wikiPageWikiLink-	0.1887662275067291
http://dbkwik.webdatacommons.org/memory-alpha.wikia.com/property/actualIdentity-	http://dbkwik.webdatacommons.org/memory-beta.wikia.com/property/alias	0.20760237001330567
http://dbkwik.webdatacommons.org/memory-alpha.wikia.com/property/aarc1nextpart	http://dbkwik.webdatacommons.org/ontology/wikiPageWikiLink	0.14285714247792086
http://dbkwik.webdatacommons.org/memory-alpha.wikia.com/property/aarc1nextpart	http://dbkwik.webdatacommons.org/ontology/wikiPageWikiLink-	0.14285714247792086
http://dbkwik.webdatacommons.org/memory-alpha.wikia.com/property/narc1partcount-	http://dbkwik.webdatacommons.org/memory-beta.wikia.com/property/episode-	0.10869566248813295
http://dbkwik.webdatacommons.org/memory-alpha.wikia.com/property/wsproducedby	http://dbkwik.webdatacommons.org/ontology/wikiPageWikiLink	0.22729618536042243
http://dbkwik.webdatacommons.org/memory-alpha.wikia.com/property/wsproducedby-	http://dbkwik.webdatacommons.org/ontology/wikiPageWikiLink-	0.22729618536042245
http://dbkwik.webdatacommons.org/memory-alpha.wikia.com/property/wsscreenplayby	http://dbkwik.webdatacommons.org/ontology/wikiPageWikiLink-	0.14287006768103513
http://dbkwik.webdatacommons.org/memory-alpha.wikia.com/property/wsscreenplayby-	http://dbkwik.webdatacommons.org/ontology/wikiPageWikiLink	0.14287006768103513
http://dbkwik.webdatacommons.org/memory-alpha.wikia.com/property/majorSpecies	http://dbkwik.webdatacommons.org/ontology/wikiPageWikiLink	0.4054071668743584
http://dbkwik.webdatacommons.org/memory-alpha.wikia.com/property/majorSpecies	http://dbkwik.webdatacommons.org/ontology/wikiPageWikiLink-	0.4054071668743553
http://dbkwik.webdatacommons.org/memory-alpha.wikia.com/property/majorSpecies	http://dbkwik.webdatacommons.org/memory-beta.wikia.com/property/affiliation-	0.2972985890451197
http://dbkwik.webdatacommons.org/memory-alpha.wikia.com/property/majorSpecies	http://dbkwik.webdatacommons.org/memory-beta.wikia.com/property/species	0.27027144458647423
http://dbkwik.webdatacommons.org/memory-alpha.wikia.com/property/majorSpecies-	http://dbkwik.webdatacommons.org/ontology/wikiPageWikiLink	0.40540716687435535
http://dbkwik.webdatacommons.org/memory-alpha.wikia.com/property/majorSpecies-	http://dbkwik.webdatacommons.org/ontology/wikiPageWikiLink-	0.40540716687435846
http://dbkwik.webdatacommons.org/memory-alpha.wikia.com/property/majorSpecies-	http://dbkwik.webdatacommons.org/memory-beta.wikia.com/property/affiliation	0.29729858904511974
http://dbkwik.webdatacommons.org/memory-alpha.wikia.com/property/majorSpecies-	http://dbkwik.webdatacommons.org/memory-beta.wikia.com/property/species-	0.2702714445864743
http://dbkwik.webdatacommons.org/memory-alpha.wikia.com/property/abbr-	skos:altLabel-	0.3333333333333333
http://dbkwik.webdatacommons.org/memory-alpha.wikia.com/property/abbr-	http://dbkwik.webdatacommons.org/ontology/wikiPageWikiLinkText-	0.3333333333333333
http://dbkwik.webdatacommons.org/memory-alpha.wikia.com/property/abbr-	http://dbkwik.webdatacommons.org/memory-beta.wikia.com/property/abbreviation-	0.3333333333333333
http://dbkwik.webdatacommons.org/memory-alpha.wikia.com/property/developer	http://dbkwik.webdatacommons.org/ontology/wikiPageWikiLink	0.4834263522345067
http://dbkwik.webdatacommons.org/memory-alpha.wikia.com/property/developer	http://dbkwik.webdatacommons.org/ontology/wikiPageWikiLink-	0.1015437179628983
http://dbkwik.webdatacommons.org/memory-alpha.wikia.com/property/developer	http://dbkwik.webdatacommons.org/memory-beta.wikia.com/property/developer	0.4127042981042847
http://dbkwik.webdatacommons.org/memory-alpha.wikia.com/property/developer	http://dbkwik.webdatacommons.org/memory-beta.wikia.com/property/publisher	0.13807584163842107
http://dbkwik.webdatacommons.org/memory-alpha.wikia.com/property/developer-	http://dbkwik.webdatacommons.org/ontology/wikiPageWikiLink-	0.4514794200725418
http://dbkwik.webdatacommons.org/memory-alpha.wikia.com/property/developer-	http://dbkwik.webdatacommons.org/memory-beta.wikia.com/property/developer-	0.4019520826030803
http://dbkwik.webdatacommons.org/memory-alpha.wikia.com/property/developer-	http://dbkwik.webdatacommons.org/memory-beta.wikia.com/property/publisher-	0.1289511848512192
http://dbkwik.webdatacommons.org/memory-alpha.wikia.com/property/symbol-	skos:altLabel-	0.2417941061055997
http://dbkwik.webdatacommons.org/memory-alpha.wikia.com/property/symbol-	http://dbkwik.webdatacommons.org/ontology/wikiPageWikiLinkText-	0.4430770612514447
http://dbkwik.webdatacommons.org/memory-alpha.wikia.com/property/symbol-	http://dbkwik.webdatacommons.org/memory-beta.wikia.com/property/symbol-	0.2820931237896656
http://dbkwik.webdatacommons.org/memory-alpha.wikia.com/property/wsarc2desc	http://dbkwik.webdatacommons.org/ontology/wikiPageWikiLink	0.17647253210071168
http://dbkwik.webdatacommons.org/memory-alpha.wikia.com/property/wsarc2desc	http://dbkwik.webdatacommons.org/ontology/wikiPageWikiLink-	0.35294506420095784
http://dbkwik.webdatacommons.org/memory-alpha.wikia.com/property/wsarc2desc-	http://dbkwik.webdatacommons.org/ontology/wikiPageWikiLink	0.35294506420095784
http://dbkwik.webdatacommons.org/memory-alpha.wikia.com/property/wsarc2desc-	http://dbkwik.webdatacommons.org/ontology/wikiPageWikiLink-	0.17647253210071168
http://dbkwik.webdatacommons.org/memory-alpha.wikia.com/property/partOf	http://dbkwik.webdatacommons.org/ontology/wikiPageWikiLink	0.3132383112185548
http://dbkwik.webdatacommons.org/memory-alpha.wikia.com/property/partOf	http://dbkwik.webdatacommons.org/ontology/wikiPageWikiLink-	0.15469453559662852
http://dbkwik.webdatacommons.org/memory-alpha.wikia.com/property/partOf	http://dbkwik.webdatacommons.org/memory-beta.wikia.com/property/partOf	0.21926681124379382
http://dbkwik.webdatacommons.org/memory-alpha.wikia.com/property/partOf-	http://dbkwik.webdatacommons.org/ontology/wikiPageWikiLink	0.15469453559662852
http://dbkwik.webdatacommons.org/memory-alpha.wikia.com/property/partOf-	http://dbkwik.webdatacommons.org/ontology/wikiPageWikiLink-	0.31323831121855483
http://dbkwik.webdatacommons.org/memory-alpha.wikia.com/property/partOf-	http://dbkwik.webdatacommons.org/memory-beta.wikia.com/property/partOf-	0.21926681124379385
http://dbkwik.webdatacommons.org/memory-alpha.wikia.com/property/awgt-	http://dbkwik.webdatacommons.org/memory-beta.wikia.com/property/mass-	0.10632046329426831
http://dbkwik.webdatacommons.org/memory-alpha.wikia.com/property/prevchrono	http://dbkwik.webdatacommons.org/memory-beta.wikia.com/property/after-	0.11497485886674368
http://dbkwik.webdatacommons.org/memory-alpha.wikia.com/property/prevchrono	http://dbkwik.webdatacommons.org/ontology/wikiPageWikiLink	0.34577638568820646
http://dbkwik.webdatacommons.org/memory-alpha.wikia.com/property/prevchrono	http://dbkwik.webdatacommons.org/ontology/wikiPageWikiLink-	0.23042608577997672
http://dbkwik.webdatacommons.org/memory-alpha.wikia.com/property/prevchrono	http://dbkwik.webdatacommons.org/memory-beta.wikia.com/property/before	0.19194234347549682
http://dbkwik.webdatacommons.org/memory-alpha.wikia.com/property/prevchrono-	http://dbkwik.webdatacommons.org/memory-beta.wikia.com/property/after	0.11497485886674368
http://dbkwik.webdatacommons.org/memory-alpha.wikia.com/property/prevchrono-	http://dbkwik.webdatacommons.org/ontology/wikiPageWikiLink	0.23042608577997672
http://dbkwik.webdatacommons.org/memory-alpha.wikia.com/property/prevchrono-	http://dbkwik.webdatacommons.org/ontology/wikiPageWikiLink-	0.34577638568820646
http://dbkwik.webdatacommons.org/memory-alpha.wikia.com/property/prevchrono-	http://dbkwik.webdatacommons.org/memory-beta.wikia.com/property/before-	0.19194234347549685
http://dbkwik.webdatacommons.org/memory-alpha.wikia.com/property/capital	http://dbkwik.webdatacommons.org/ontology/wikiPageWikiLink	0.4285738893646466
http://dbkwik.webdatacommons.org/memory-alpha.wikia.com/property/capital	http://dbkwik.webdatacommons.org/ontology/wikiPageWikiLink-	0.6071406013844028
http://dbkwik.webdatacommons.org/memory-alpha.wikia.com/property/capital	http://dbkwik.webdatacommons.org/memory-beta.wikia.com/property/capital	0.1785724539140345
http://dbkwik.webdatacommons.org/memory-alpha.wikia.com/property/capital	http://dbkwik.webdatacommons.org/memory-beta.wikia.com/property/affiliation-	0.2499956939280384
http://dbkwik.webdatacommons.org/memory-alpha.wikia.com/property/capital-	http://dbkwik.webdatacommons.org/ontology/wikiPageWikiLink	0.6071406013844028
http://dbkwik.webdatacommons.org/memory-alpha.wikia.com/property/capital-	http://dbkwik.webdatacommons.org/ontology/wikiPageWikiLink-	0.4285738893646466
http://dbkwik.webdatacommons.org/memory-alpha.wikia.com/property/capital-	http://dbkwik.webdatacommons.org/memory-beta.wikia.com/property/capital-	0.17857245391403448
http://dbkwik.webdatacommons.org/memory-alpha.wikia.com/property/capital-	http://dbkwik.webdatacommons.org/memory-beta.wikia.com/property/affiliation	0.24999569392803841
http://dbkwik.webdatacommons.org/memory-alpha.wikia.com/property/legislature	http://dbkwik.webdatacommons.org/ontology/wikiPageWikiLink	0.4091528324679662
http://dbkwik.webdatacommons.org/memory-alpha.wikia.com/property/legislature	http://dbkwik.webdatacommons.org/ontology/wikiPageWikiLink-	0.4546185837751737
http://dbkwik.webdatacommons.org/memory-alpha.wikia.com/property/legislature	http://dbkwik.webdatacommons.org/memory-beta.wikia.com/property/legislature	0.22732873814360502
http://dbkwik.webdatacommons.org/memory-alpha.wikia.com/property/legislature-	http://dbkwik.webdatacommons.org/ontology/wikiPageWikiLink	0.4546185837751737
http://dbkwik.webdatacommons.org/memory-alpha.wikia.com/property/legislature-	http://dbkwik.webdatacommons.org/ontology/wikiPageWikiLink-	0.4091528324679662
http://dbkwik.webdatacommons.org/memory-alpha.wikia.com/property/legislature-	http://dbkwik.webdatacommons.org/memory-beta.wikia.com/property/legislature-	0.22732873814360502
http://dbkwik.webdatacommons.org/memory-alpha.wikia.com/property/narc2partnumber-	http://dbkwik.webdatacommons.org/memory-beta.wikia.com/property/episode-	0.1666666666670214
http://dbkwik.webdatacommons.org/memory-alpha.wikia.com/property/nextchrono	http://dbkwik.webdatacommons.org/memory-beta.wikia.com/property/after	0.1662548046754369
http://dbkwik.webdatacommons.org/memory-alpha.wikia.com/property/nextchrono	http://dbkwik.webdatacommons.org/ontology/wikiPageWikiLink	0.2912236065551428
http://dbkwik.webdatacommons.org/memory-alpha.wikia.com/property/nextchrono	http://dbkwik.webdatacommons.org/ontology/wikiPageWikiLink-	0.2913329705618057
http://dbkwik.webdatacommons.org/memory-alpha.wikia.com/property/nextchrono	http://dbkwik.webdatacommons.org/memory-beta.wikia.com/property/before-	0.12456209685115084
http://dbkwik.webdatacommons.org/memory-alpha.wikia.com/property/nextchrono-	http://dbkwik.webdatacommons.org/memory-beta.wikia.com/property/after-	0.16625480467543688
http://dbkwik.webdatacommons.org/memory-alpha.wikia.com/property/nextchrono-	http://dbkwik.webdatacommons.org/ontology/wikiPageWikiLink	0.2913329705618057
http://dbkwik.webdatacommons.org/memory-alpha.wikia.com/property/nextchrono-	http://dbkwik.webdatacommons.org/ontology/wikiPageWikiLink-	0.2912236065551428
http://dbkwik.webdatacommons.org/memory-alpha.wikia.com/property/nextchrono-	http://dbkwik.webdatacommons.org/memory-beta.wikia.com/property/before	0.12456209685115084
http://dbkwik.webdatacommons.org/memory-alpha.wikia.com/property/intelligenceService	http://dbkwik.webdatacommons.org/ontology/wikiPageWikiLink	0.3703936705335917
http://dbkwik.webdatacommons.org/memory-alpha.wikia.com/property/intelligenceService	http://dbkwik.webdatacommons.org/ontology/wikiPageWikiLink-	0.44452050332857546
http://dbkwik.webdatacommons.org/memory-alpha.wikia.com/property/intelligenceService-	http://dbkwik.webdatacommons.org/ontology/wikiPageWikiLink	0.4445205033285754
http://dbkwik.webdatacommons.org/memory-alpha.wikia.com/property/intelligenceService-	http://dbkwik.webdatacommons.org/ontology/wikiPageWikiLink-	0.3703936705335917
http://dbkwik.webdatacommons.org/memory-alpha.wikia.com/property/currency	http://dbkwik.webdatacommons.org/ontology/wikiPageWikiLink	0.236550963687082
http://dbkwik.webdatacommons.org/memory-alpha.wikia.com/property/currency	http://dbkwik.webdatacommons.org/ontology/wikiPageWikiLink-	0.1774132227672341
http://dbkwik.webdatacommons.org/memory-alpha.wikia.com/property/currency	http://dbkwik.webdatacommons.org/memory-beta.wikia.com/property/currency	0.17741322276731541
http://dbkwik.webdatacommons.org/memory-alpha.wikia.com/property/currency-	http://dbkwik.webdatacommons.org/ontology/wikiPageWikiLink	0.16750722395418158
http://dbkwik.webdatacommons.org/memory-alpha.wikia.com/property/currency-	http://dbkwik.webdatacommons.org/ontology/wikiPageWikiLink-	0.22334296526982184
http://dbkwik.webdatacommons.org/memory-alpha.wikia.com/property/currency-	http://dbkwik.webdatacommons.org/memory-beta.wikia.com/property/currency-	0.1675072239542584
http://dbkwik.webdatacommons.org/memory-alpha.wikia.com/property/shipcap	http://dbkwik.webdatacommons.org/ontology/wikiPageWikiLink	0.33333333333333326
http://dbkwik.webdatacommons.org/memory-alpha.wikia.com/property/shipcap	http://dbkwik.webdatacommons.org/ontology/wikiPageWikiLink-	0.33333333333333326
http://dbkwik.webdatacommons.org/memory-alpha.wikia.com/property/shipcap-	http://dbkwik.webdatacommons.org/ontology/wikiPageWikiLink	0.3125
http://dbkwik.webdatacommons.org/memory-alpha.wikia.com/property/shipcap-	http://dbkwik.webdatacommons.org/ontology/wikiPageWikiLink-	0.3125
http://dbkwik.webdatacommons.org/memory-alpha.wikia.com/property/bfeaturelength-	http://dbkwik.webdatacommons.org/memory-beta.wikia.com/property/episode-	0.15789473684229435
http://dbkwik.webdatacommons.org/memory-alpha.wikia.com/property/titlecard-	http://dbkwik.webdatacommons.org/memory-beta.wikia.com/property/episode-	0.444444433369675
http://dbkwik.webdatacommons.org/memory-alpha.wikia.com/property/mass-	http://dbkwik.webdatacommons.org/memory-beta.wikia.com/property/mass-	0.14285746417265746
http://dbkwik.webdatacommons.org/memory-alpha.wikia.com/property/judiciary	http://dbkwik.webdatacommons.org/ontology/wikiPageWikiLink	0.166589123233702
http://dbkwik.webdatacommons.org/memory-alpha.wikia.com/property/judiciary-	http://dbkwik.webdatacommons.org/ontology/wikiPageWikiLink-	0.166589123233702
